Australia13.jpg,Aaron MOOY,Australia,Midfielder,13,https://s3-us-west-2.amazonaws.com/fifa-wc-2018-players/Australia13.jpg
Egypt19.jpg,ABDALLA SAID,Egypt,Midfielder,19,https://s3-us-west-2.amazonaws.com/fifa-wc-2018-players/Egypt19.jpg
Panama16.jpg,Abdiel ARROYO,Panama,Forward,16,https://s3-us-west-2.amazonaws.com/fifa-wc-2018-players/Panama16.jpg
Senegal1.jpg,Abdoulaye DIALLO,Senegal,Goalkeeper,1,https://s3-us-west-2.amazonaws.com/fifa-wc-2018-players/Senegal1.jpg
Saudi_Arabia15.jpg,ABDULLAH ALKHAIBARI,Saudi Arabia,Midfielder,15,https://s3-us-west-2.amazonaws.com/fifa-wc-2018-players/Saudi_Arabia15.jpg
Saudi_Arabia1.jpg,ABDULLAH ALMUAIOUF,Saudi Arabia,Goalkeeper,1,https://s3-us-west-2.amazonaws.com/fifa-wc-2018-players/Saudi_Arabia1.jpg
Saudi_Arabia14.jpg,ABDULLAH OTAYF,Saudi Arabia,Midfielder,14,https://s3-us-west-2.amazonaws.com/fifa-wc-2018-players/Saudi_Arabia14.jpg
Nigeria12.jpg,Abdullahi SHEHU,Nigeria,Defender,12,https://s3-us-west-2.amazonaws.com/fifa-wc-2018-players/Nigeria12.jpg
Saudi_Arabia11.jpg,ABDULMALEK ALKHAIBRI,Saudi Arabia,Midfielder,11,https://s3-us-west-2.amazonaws.com/fifa-wc-2018-players/Saudi_Arabia11.jpg
Colombia8.jpg,Abel AGUILAR,Colombia,Midfielder,8,https://s3-us-west-2.amazonaws.com/fifa-wc-2018-players/Colombia8.jpg
Morocco2.jpg,Achraf HAKIMI,Morocco,Defender,2,https://s3-us-west-2.amazonaws.com/fifa-wc-2018-players/Morocco2.jpg
Senegal2.jpg,Adama MBENGUE,Senegal,Defender,2,https://s3-us-west-2.amazonaws.com/fifa-wc-2018-players/Senegal2.jpg
Serbia22.jpg,Adem LJAJIC,Serbia,Midfielder,22,https://s3-us-west-2.amazonaws.com/fifa-wc-2018-players/Serbia22.jpg
France17.jpg,Adil RAMI,France,Defender,17,https://s3-us-west-2.amazonaws.com/fifa-wc-2018-players/France17.jpg
Belgium18.jpg,Adnan JANUZAJ,Belgium,Forward,18,https://s3-us-west-2.amazonaws.com/fifa-wc-2018-players/Belgium18.jpg
Panama13.jpg,Adolfo MACHADO,Panama,Defender,13,https://s3-us-west-2.amazonaws.com/fifa-wc-2018-players/Panama13.jpg
Portugal23.jpg,ADRIEN SILVA,Portugal,Midfielder,23,https://s3-us-west-2.amazonaws.com/fifa-wc-2018-players/Portugal23.jpg
Egypt3.jpg,AHMED ELMOHAMADY,Egypt,Defender,3,https://s3-us-west-2.amazonaws.com/fifa-wc-2018-players/Egypt3.jpg
Egypt7.jpg,AHMED FATHI,Egypt,Defender,7,https://s3-us-west-2.amazonaws.com/fifa-wc-2018-players/Egypt7.jpg
Egypt6.jpg,AHMED HEGAZY,Egypt,Defender,6,https://s3-us-west-2.amazonaws.com/fifa-wc-2018-players/Egypt6.jpg
Tunisia15.jpg,Ahmed KHALIL,Tunisia,Forward,15,https://s3-us-west-2.amazonaws.com/fifa-wc-2018-players/Tunisia15.jpg
Nigeria7.jpg,Ahmed MUSA,Nigeria,Forward,7,https://s3-us-west-2.amazonaws.com/fifa-wc-2018-players/Nigeria7.jpg
Morocco22.jpg,Ahmed TAGNAOUTI,Morocco,Goalkeeper,22,https://s3-us-west-2.amazonaws.com/fifa-wc-2018-players/Morocco22.jpg
Russia9.jpg,Alan DZAGOEV,Russia,Midfielder,9,https://s3-us-west-2.amazonaws.com/fifa-wc-2018-players/Russia9.jpg
Iceland4.jpg,Albert GUDMUNDSSON,Iceland,Midfielder,4,https://s3-us-west-2.amazonaws.com/fifa-wc-2018-players/Iceland4.jpg
Peru2.jpg,Alberto RODRIGUEZ,Peru,Defender,2,https://s3-us-west-2.amazonaws.com/fifa-wc-2018-players/Peru2.jpg
Sweden8.jpg,Albin EKDAL,Sweden,Midfielder,8,https://s3-us-west-2.amazonaws.com/fifa-wc-2018-players/Sweden8.jpg
Peru3.jpg,Aldo CORZO,Peru,Defender,3,https://s3-us-west-2.amazonaws.com/fifa-wc-2018-players/Peru3.jpg
Serbia11.jpg,Aleksandar KOLAROV,Serbia,Defender,11,https://s3-us-west-2.amazonaws.com/fifa-wc-2018-players/Serbia11.jpg
Serbia9.jpg,Aleksandar MITROVIC,Serbia,Forward,9,https://s3-us-west-2.amazonaws.com/fifa-wc-2018-players/Serbia9.jpg
Serbia8.jpg,Aleksandar PRIJOVIC,Serbia,Forward,8,https://s3-us-west-2.amazonaws.com/fifa-wc-2018-players/Serbia8.jpg
Russia21.jpg,Aleksandr EROKHIN,Russia,Midfielder,21,https://s3-us-west-2.amazonaws.com/fifa-wc-2018-players/Russia21.jpg
Russia17.jpg,Aleksandr GOLOVIN,Russia,Midfielder,17,https://s3-us-west-2.amazonaws.com/fifa-wc-2018-players/Russia17.jpg
Nigeria18.jpg,Alex IWOBI,Nigeria,Forward,18,https://s3-us-west-2.amazonaws.com/fifa-wc-2018-players/Nigeria18.jpg
Panama22.jpg,Alex RODRIGUEZ,Panama,Goalkeeper,22,https://s3-us-west-2.amazonaws.com/fifa-wc-2018-players/Panama22.jpg
Russia19.jpg,Alexander SAMEDOV,Russia,Midfielder,19,https://s3-us-west-2.amazonaws.com/fifa-wc-2018-players/Russia19.jpg
Russia15.jpg,Alexey MIRANCHUK,Russia,Midfielder,15,https://s3-us-west-2.amazonaws.com/fifa-wc-2018-players/Russia15.jpg
Iceland11.jpg,Alfred FINNBOGASON,Iceland,Forward,11,https://s3-us-west-2.amazonaws.com/fifa-wc-2018-players/Iceland11.jpg
Senegal23.jpg,Alfred GOMIS,Senegal,Goalkeeper,23,https://s3-us-west-2.amazonaws.com/fifa-wc-2018-players/Senegal23.jpg
Senegal13.jpg,Alfred NDIAYE,Senegal,Midfielder,13,https://s3-us-west-2.amazonaws.com/fifa-wc-2018-players/Senegal13.jpg
Mexico12.jpg,Alfredo TALAVERA,Mexico,Goalkeeper,12,https://s3-us-west-2.amazonaws.com/fifa-wc-2018-players/Mexico12.jpg
Saudi_Arabia4.jpg,ALI ALBULAYHI,Saudi Arabia,Defender,4,https://s3-us-west-2.amazonaws.com/fifa-wc-2018-players/Saudi_Arabia4.jpg
IR_Iran1.jpg,Ali BEIRANVAND,IR Iran,Goalkeeper,1,https://s3-us-west-2.amazonaws.com/fifa-wc-2018-players/IR_Iran1.jpg
Egypt2.jpg,ALI GABR,Egypt,Defender,2,https://s3-us-west-2.amazonaws.com/fifa-wc-2018-players/Egypt2.jpg
Tunisia12.jpg,Ali MAALOUL,Tunisia,Defender,12,https://s3-us-west-2.amazonaws.com/fifa-wc-2018-players/Tunisia12.jpg
IR_Iran18.jpg,Alireza JAHANBAKHSH,IR Iran,Forward,18,https://s3-us-west-2.amazonaws.com/fifa-wc-2018-players/IR_Iran18.jpg
Brazil1.jpg,ALISSON,Brazil,Goalkeeper,1,https://s3-us-west-2.amazonaws.com/fifa-wc-2018-players/Brazil1.jpg
France23.jpg,Alphonse AREOLA,France,Goalkeeper,23,https://s3-us-west-2.amazonaws.com/fifa-wc-2018-players/France23.jpg
Spain12.jpg,Alvaro ODRIOZOLA,Spain,Defender,12,https://s3-us-west-2.amazonaws.com/fifa-wc-2018-players/Spain12.jpg
Morocco18.jpg,Amine HARIT,Morocco,Midfielder,18,https://s3-us-west-2.amazonaws.com/fifa-wc-2018-players/Morocco18.jpg
IR_Iran22.jpg,Amir ABEDZADEH,IR Iran,Goalkeeper,22,https://s3-us-west-2.amazonaws.com/fifa-wc-2018-players/IR_Iran22.jpg
Egypt22.jpg,AMR WARDA,Egypt,Forward,22,https://s3-us-west-2.amazonaws.com/fifa-wc-2018-players/Egypt22.jpg
Peru4.jpg,Anderson SANTAMARIA,Peru,Defender,4,https://s3-us-west-2.amazonaws.com/fifa-wc-2018-players/Peru4.jpg
Peru18.jpg,Andre CARRILLO,Peru,Forward,18,https://s3-us-west-2.amazonaws.com/fifa-wc-2018-players/Peru18.jpg
Portugal9.jpg,ANDRE SILVA,Portugal,Forward,9,https://s3-us-west-2.amazonaws.com/fifa-wc-2018-players/Portugal9.jpg
Denmark6.jpg,Andreas CHRISTENSEN,Denmark,Defender,6,https://s3-us-west-2.amazonaws.com/fifa-wc-2018-players/Denmark6.jpg
Denmark21.jpg,Andreas CORNELIUS,Denmark,Forward,21,https://s3-us-west-2.amazonaws.com/fifa-wc-2018-players/Denmark21.jpg
Sweden4.jpg,Andreas GRANQVIST,Sweden,Defender,4,https://s3-us-west-2.amazonaws.com/fifa-wc-2018-players/Sweden4.jpg
Russia12.jpg,Andrei LUNEV,Russia,Goalkeeper,12,https://s3-us-west-2.amazonaws.com/fifa-wc-2018-players/Russia12.jpg
Croatia9.jpg,Andrej KRAMARIC,Croatia,Forward,9,https://s3-us-west-2.amazonaws.com/fifa-wc-2018-players/Croatia9.jpg
Mexico18.jpg,Andres GUARDADO,Mexico,Midfielder,18,https://s3-us-west-2.amazonaws.com/fifa-wc-2018-players/Mexico18.jpg
Spain6.jpg,Andres INIESTA,Spain,Midfielder,6,https://s3-us-west-2.amazonaws.com/fifa-wc-2018-players/Spain6.jpg
Australia11.jpg,Andrew NABBOUT,Australia,Forward,11,https://s3-us-west-2.amazonaws.com/fifa-wc-2018-players/Australia11.jpg
Russia5.jpg,Andrey SEMENOV,Russia,Defender,5,https://s3-us-west-2.amazonaws.com/fifa-wc-2018-players/Russia5.jpg
Serbia7.jpg,Andrija ZIVKOVIC,Serbia,Midfielder,7,https://s3-us-west-2.amazonaws.com/fifa-wc-2018-players/Serbia7.jpg
Peru14.jpg,Andy POLO,Peru,Midfielder,14,https://s3-us-west-2.amazonaws.com/fifa-wc-2018-players/Peru14.jpg
Argentina11.jpg,Angel DI MARIA,Argentina,Midfielder,11,https://s3-us-west-2.amazonaws.com/fifa-wc-2018-players/Argentina11.jpg
Panama20.jpg,Anibal GODOY,Panama,Midfielder,20,https://s3-us-west-2.amazonaws.com/fifa-wc-2018-players/Panama20.jpg
Tunisia9.jpg,Anice BADRI,Tunisia,Midfielder,9,https://s3-us-west-2.amazonaws.com/fifa-wc-2018-players/Tunisia9.jpg
Croatia18.jpg,Ante REBIC,Croatia,Forward,18,https://s3-us-west-2.amazonaws.com/fifa-wc-2018-players/Croatia18.jpg
Portugal12.jpg,ANTHONY LOPES,Portugal,Goalkeeper,12,https://s3-us-west-2.amazonaws.com/fifa-wc-2018-players/Portugal12.jpg
France7.jpg,Antoine GRIEZMANN,France,Forward,7,https://s3-us-west-2.amazonaws.com/fifa-wc-2018-players/France7.jpg
Russia16.jpg,Anton MIRANCHUK,Russia,Midfielder,16,https://s3-us-west-2.amazonaws.com/fifa-wc-2018-players/Russia16.jpg
Germany16.jpg,Antonio RUEDIGER,Germany,Defender,16,https://s3-us-west-2.amazonaws.com/fifa-wc-2018-players/Germany16.jpg
Serbia2.jpg,Antonio RUKAVINA,Serbia,Defender,2,https://s3-us-west-2.amazonaws.com/fifa-wc-2018-players/Serbia2.jpg
Iceland23.jpg,Ari SKULASON,Iceland,Defender,23,https://s3-us-west-2.amazonaws.com/fifa-wc-2018-players/Iceland23.jpg
Poland7.jpg,Arkadiusz MILIK,Poland,Forward,7,https://s3-us-west-2.amazonaws.com/fifa-wc-2018-players/Poland7.jpg
Panama11.jpg,Armando COOPER,Panama,Midfielder,11,https://s3-us-west-2.amazonaws.com/fifa-wc-2018-players/Panama11.jpg
Iceland21.jpg,Arnor TRAUSTASON,Iceland,Midfielder,21,https://s3-us-west-2.amazonaws.com/fifa-wc-2018-players/Iceland21.jpg
Iceland17.jpg,Aron GUNNARSSON,Iceland,Midfielder,17,https://s3-us-west-2.amazonaws.com/fifa-wc-2018-players/Iceland17.jpg
Russia22.jpg,Artem DZYUBA,Russia,Forward,22,https://s3-us-west-2.amazonaws.com/fifa-wc-2018-players/Russia22.jpg
Poland3.jpg,Artur JEDRZEJCZYK,Poland,Defender,3,https://s3-us-west-2.amazonaws.com/fifa-wc-2018-players/Poland3.jpg
IR_Iran21.jpg,Ashkan DEJAGAH,IR Iran,Forward,21,https://s3-us-west-2.amazonaws.com/fifa-wc-2018-players/IR_Iran21.jpg
England18.jpg,Ashley  YOUNG,England,Defender,18,https://s3-us-west-2.amazonaws.com/fifa-wc-2018-players/England18.jpg
Belgium6.jpg,Axel WITSEL,Belgium,Midfielder,6,https://s3-us-west-2.amazonaws.com/fifa-wc-2018-players/Belgium6.jpg
Egypt12.jpg,AYMAN ASHRAF,Egypt,Defender,12,https://s3-us-west-2.amazonaws.com/fifa-wc-2018-players/Egypt12.jpg
Tunisia16.jpg,Aymen MATHLOUTHI,Tunisia,Goalkeeper,16,https://s3-us-west-2.amazonaws.com/fifa-wc-2018-players/Tunisia16.jpg
Morocco9.jpg,Ayoub EL KAABI,Morocco,Forward,9,https://s3-us-west-2.amazonaws.com/fifa-wc-2018-players/Morocco9.jpg
Australia16.jpg,Aziz BEHICH,Australia,Defender,16,https://s3-us-west-2.amazonaws.com/fifa-wc-2018-players/Australia16.jpg
Morocco20.jpg,Aziz BOUHADDOUZ,Morocco,Forward,20,https://s3-us-west-2.amazonaws.com/fifa-wc-2018-players/Morocco20.jpg
Poland18.jpg,Bartosz BERESZYNSKI,Poland,Defender,18,https://s3-us-west-2.amazonaws.com/fifa-wc-2018-players/Poland18.jpg
Poland12.jpg,Bartosz BIALKOWSKI,Poland,Goalkeeper,12,https://s3-us-west-2.amazonaws.com/fifa-wc-2018-players/Poland12.jpg
Tunisia18.jpg,Bassem SRARFI,Tunisia,Forward,18,https://s3-us-west-2.amazonaws.com/fifa-wc-2018-players/Tunisia18.jpg
France22.jpg,Benjamin MENDY,France,Defender,22,https://s3-us-west-2.amazonaws.com/fifa-wc-2018-players/France22.jpg
France2.jpg,Benjamin PAVARD,France,Defender,2,https://s3-us-west-2.amazonaws.com/fifa-wc-2018-players/France2.jpg
Portugal11.jpg,BERNARDO SILVA,Portugal,Midfielder,11,https://s3-us-west-2.amazonaws.com/fifa-wc-2018-players/Portugal11.jpg
Portugal22.jpg,BETO,Portugal,Goalkeeper,22,https://s3-us-west-2.amazonaws.com/fifa-wc-2018-players/Portugal22.jpg
Iceland8.jpg,Birkir BJARNASON,Iceland,Midfielder,8,https://s3-us-west-2.amazonaws.com/fifa-wc-2018-players/Iceland8.jpg
Iceland2.jpg,Birkir SAEVARSSON,Iceland,Defender,2,https://s3-us-west-2.amazonaws.com/fifa-wc-2018-players/Iceland2.jpg
Iceland9.jpg,Bjorn SIGURDARSON,Iceland,Forward,9,https://s3-us-west-2.amazonaws.com/fifa-wc-2018-players/Iceland9.jpg
France14.jpg,Blaise MATUIDI,France,Midfielder,14,https://s3-us-west-2.amazonaws.com/fifa-wc-2018-players/France14.jpg
Panama7.jpg,Blas PEREZ,Panama,Forward,7,https://s3-us-west-2.amazonaws.com/fifa-wc-2018-players/Panama7.jpg
Switzerland15.jpg,Blerim DZEMAILI,Switzerland,Midfielder,15,https://s3-us-west-2.amazonaws.com/fifa-wc-2018-players/Switzerland15.jpg
Australia12.jpg,Brad JONES,Australia,Goalkeeper,12,https://s3-us-west-2.amazonaws.com/fifa-wc-2018-players/Australia12.jpg
Serbia6.jpg,Branislav IVANOVIC,Serbia,Defender,6,https://s3-us-west-2.amazonaws.com/fifa-wc-2018-players/Serbia6.jpg
Switzerland7.jpg,Breel EMBOLO,Switzerland,Forward,7,https://s3-us-west-2.amazonaws.com/fifa-wc-2018-players/Switzerland7.jpg
Portugal2.jpg,BRUNO ALVES,Portugal,Defender,2,https://s3-us-west-2.amazonaws.com/fifa-wc-2018-players/Portugal2.jpg
Portugal16.jpg,BRUNO FERNANDES,Portugal,Midfielder,16,https://s3-us-west-2.amazonaws.com/fifa-wc-2018-players/Portugal16.jpg
Nigeria2.jpg,Bryan IDOWU,Nigeria,Defender,2,https://s3-us-west-2.amazonaws.com/fifa-wc-2018-players/Nigeria2.jpg
Costa_Rica8.jpg,Bryan OVIEDO,Costa Rica,Defender,8,https://s3-us-west-2.amazonaws.com/fifa-wc-2018-players/Costa_Rica8.jpg
Costa_Rica10.jpg,Bryan RUIZ,Costa Rica,Midfielder,10,https://s3-us-west-2.amazonaws.com/fifa-wc-2018-players/Costa_Rica10.jpg
Colombia12.jpg,Camilo VARGAS,Colombia,Goalkeeper,12,https://s3-us-west-2.amazonaws.com/fifa-wc-2018-players/Colombia12.jpg
Colombia7.jpg,Carlos BACCA,Colombia,Forward,7,https://s3-us-west-2.amazonaws.com/fifa-wc-2018-players/Colombia7.jpg
Peru12.jpg,Carlos CACEDA,Peru,Goalkeeper,12,https://s3-us-west-2.amazonaws.com/fifa-wc-2018-players/Peru12.jpg
Mexico3.jpg,Carlos SALCEDO,Mexico,Defender,3,https://s3-us-west-2.amazonaws.com/fifa-wc-2018-players/Mexico3.jpg
Colombia6.jpg,Carlos SANCHEZ,Colombia,Midfielder,6,https://s3-us-west-2.amazonaws.com/fifa-wc-2018-players/Colombia6.jpg
Uruguay5.jpg,Carlos SANCHEZ,Uruguay,Midfielder,5,https://s3-us-west-2.amazonaws.com/fifa-wc-2018-players/Uruguay5.jpg
Mexico11.jpg,Carlos VELA,Mexico,Forward,11,https://s3-us-west-2.amazonaws.com/fifa-wc-2018-players/Mexico11.jpg
Brazil5.jpg,CASEMIRO,Brazil,Midfielder,5,https://s3-us-west-2.amazonaws.com/fifa-wc-2018-players/Brazil5.jpg
Brazil16.jpg,CASSIO,Brazil,Goalkeeper,16,https://s3-us-west-2.amazonaws.com/fifa-wc-2018-players/Brazil16.jpg
Portugal21.jpg,CEDRIC,Portugal,Defender,21,https://s3-us-west-2.amazonaws.com/fifa-wc-2018-players/Portugal21.jpg
Costa_Rica5.jpg,Celso BORGES,Costa Rica,Midfielder,5,https://s3-us-west-2.amazonaws.com/fifa-wc-2018-players/Costa_Rica5.jpg
Spain14.jpg,Cesar AZPILICUETA,Spain,Defender,14,https://s3-us-west-2.amazonaws.com/fifa-wc-2018-players/Spain14.jpg
Senegal11.jpg,Cheikh NDOYE,Senegal,Midfielder,11,https://s3-us-west-2.amazonaws.com/fifa-wc-2018-players/Senegal11.jpg
Senegal8.jpg,Cheikhou KOUYATE,Senegal,Midfielder,8,https://s3-us-west-2.amazonaws.com/fifa-wc-2018-players/Senegal8.jpg
Nigeria20.jpg,Chidozie AWAZIEM,Nigeria,Defender,20,https://s3-us-west-2.amazonaws.com/fifa-wc-2018-players/Nigeria20.jpg
Costa_Rica7.jpg,Christian BOLANOS,Costa Rica,Midfielder,7,https://s3-us-west-2.amazonaws.com/fifa-wc-2018-players/Costa_Rica7.jpg
Peru8.jpg,Christian CUEVA,Peru,Midfielder,8,https://s3-us-west-2.amazonaws.com/fifa-wc-2018-players/Peru8.jpg
Denmark10.jpg,Christian ERIKSEN,Denmark,Midfielder,10,https://s3-us-west-2.amazonaws.com/fifa-wc-2018-players/Denmark10.jpg
Peru15.jpg,Christian RAMOS,Peru,Defender,15,https://s3-us-west-2.amazonaws.com/fifa-wc-2018-players/Peru15.jpg
France12.jpg,Corentin TOLISSO,France,Midfielder,12,https://s3-us-west-2.amazonaws.com/fifa-wc-2018-players/France12.jpg
Uruguay11.jpg,Cristhian STUANI,Uruguay,Forward,11,https://s3-us-west-2.amazonaws.com/fifa-wc-2018-players/Uruguay11.jpg
Argentina4.jpg,Cristian ANSALDI,Argentina,Defender,4,https://s3-us-west-2.amazonaws.com/fifa-wc-2018-players/Argentina4.jpg
Costa_Rica16.jpg,Cristian GAMBOA,Costa Rica,Defender,16,https://s3-us-west-2.amazonaws.com/fifa-wc-2018-players/Costa_Rica16.jpg
Argentina22.jpg,Cristian PAVON,Argentina,Midfielder,22,https://s3-us-west-2.amazonaws.com/fifa-wc-2018-players/Argentina22.jpg
Uruguay7.jpg,Cristian RODRIGUEZ,Uruguay,Midfielder,7,https://s3-us-west-2.amazonaws.com/fifa-wc-2018-players/Uruguay7.jpg
Colombia2.jpg,Cristian ZAPATA,Colombia,Defender,2,https://s3-us-west-2.amazonaws.com/fifa-wc-2018-players/Colombia2.jpg
Portugal7.jpg,CRISTIANO RONALDO,Portugal,Forward,7,https://s3-us-west-2.amazonaws.com/fifa-wc-2018-players/Portugal7.jpg
Russia7.jpg,Daler KUZIAEV,Russia,Midfielder,7,https://s3-us-west-2.amazonaws.com/fifa-wc-2018-players/Russia7.jpg
Spain2.jpg,Dani CARVAJAL,Spain,Defender,2,https://s3-us-west-2.amazonaws.com/fifa-wc-2018-players/Spain2.jpg
Nigeria16.jpg,Daniel AKPEYI,Nigeria,Goalkeeper,16,https://s3-us-west-2.amazonaws.com/fifa-wc-2018-players/Nigeria16.jpg
Australia17.jpg,Daniel ARZANI,Australia,Forward,17,https://s3-us-west-2.amazonaws.com/fifa-wc-2018-players/Australia17.jpg
Costa_Rica9.jpg,Daniel COLINDRES,Costa Rica,Midfielder,9,https://s3-us-west-2.amazonaws.com/fifa-wc-2018-players/Costa_Rica9.jpg
Croatia23.jpg,Danijel SUBASIC,Croatia,Goalkeeper,23,https://s3-us-west-2.amazonaws.com/fifa-wc-2018-players/Croatia23.jpg
Brazil14.jpg,DANILO,Brazil,Defender,14,https://s3-us-west-2.amazonaws.com/fifa-wc-2018-players/Brazil14.jpg
England3.jpg,Danny ROSE,England,Defender,3,https://s3-us-west-2.amazonaws.com/fifa-wc-2018-players/England3.jpg
Australia18.jpg,Danny VUKOVIC,Australia,Goalkeeper,18,https://s3-us-west-2.amazonaws.com/fifa-wc-2018-players/Australia18.jpg
England14.jpg,Danny WELBECK,England,Forward,14,https://s3-us-west-2.amazonaws.com/fifa-wc-2018-players/England14.jpg
Spain1.jpg,David DE GEA,Spain,Goalkeeper,1,https://s3-us-west-2.amazonaws.com/fifa-wc-2018-players/Spain1.jpg
Costa_Rica20.jpg,David GUZMAN,Costa Rica,Midfielder,20,https://s3-us-west-2.amazonaws.com/fifa-wc-2018-players/Costa_Rica20.jpg
Colombia1.jpg,David OSPINA,Colombia,Goalkeeper,1,https://s3-us-west-2.amazonaws.com/fifa-wc-2018-players/Colombia1.jpg
Spain21.jpg,David SILVA,Spain,Forward,21,https://s3-us-west-2.amazonaws.com/fifa-wc-2018-players/Spain21.jpg
Colombia23.jpg,Davinson SANCHEZ,Colombia,Defender,23,https://s3-us-west-2.amazonaws.com/fifa-wc-2018-players/Colombia23.jpg
Poland23.jpg,Dawid KOWNACKI,Poland,Forward,23,https://s3-us-west-2.amazonaws.com/fifa-wc-2018-players/Poland23.jpg
Belgium20.jpg,Dedryck BOYATA,Belgium,Defender,20,https://s3-us-west-2.amazonaws.com/fifa-wc-2018-players/Belgium20.jpg
Croatia6.jpg,Dejan LOVREN,Croatia,Defender,6,https://s3-us-west-2.amazonaws.com/fifa-wc-2018-players/Croatia6.jpg
England20.jpg,Dele ALLI,England,Midfielder,20,https://s3-us-west-2.amazonaws.com/fifa-wc-2018-players/England20.jpg
Russia6.jpg,Denis CHERYSHEV,Russia,Midfielder,6,https://s3-us-west-2.amazonaws.com/fifa-wc-2018-players/Russia6.jpg
Switzerland17.jpg,Denis ZAKARIA,Switzerland,Midfielder,17,https://s3-us-west-2.amazonaws.com/fifa-wc-2018-players/Switzerland17.jpg
Senegal15.jpg,Diafra SAKHO,Senegal,Forward,15,https://s3-us-west-2.amazonaws.com/fifa-wc-2018-players/Senegal15.jpg
Spain19.jpg,Diego COSTA,Spain,Forward,19,https://s3-us-west-2.amazonaws.com/fifa-wc-2018-players/Spain19.jpg
Uruguay3.jpg,Diego GODIN,Uruguay,Defender,3,https://s3-us-west-2.amazonaws.com/fifa-wc-2018-players/Uruguay3.jpg
Uruguay17.jpg,Diego LAXALT,Uruguay,Midfielder,17,https://s3-us-west-2.amazonaws.com/fifa-wc-2018-players/Uruguay17.jpg
Australia21.jpg,Dimitrios PETRATOS,Australia,Forward,21,https://s3-us-west-2.amazonaws.com/fifa-wc-2018-players/Australia21.jpg
France19.jpg,Djibril SIDIBE,France,Defender,19,https://s3-us-west-2.amazonaws.com/fifa-wc-2018-players/France19.jpg
Croatia21.jpg,Domagoj VIDA,Croatia,Defender,21,https://s3-us-west-2.amazonaws.com/fifa-wc-2018-players/Croatia21.jpg
Croatia1.jpg,Dominik LIVAKOVIC,Croatia,Goalkeeper,1,https://s3-us-west-2.amazonaws.com/fifa-wc-2018-players/Croatia1.jpg
Brazil7.jpg,DOUGLAS COSTA,Brazil,Forward,7,https://s3-us-west-2.amazonaws.com/fifa-wc-2018-players/Brazil7.jpg
Belgium14.jpg,Dries MERTENS,Belgium,Forward,14,https://s3-us-west-2.amazonaws.com/fifa-wc-2018-players/Belgium14.jpg
Croatia15.jpg,Duje CALETA-CAR,Croatia,Defender,15,https://s3-us-west-2.amazonaws.com/fifa-wc-2018-players/Croatia15.jpg
Serbia10.jpg,Dusan TADIC,Serbia,Midfielder,10,https://s3-us-west-2.amazonaws.com/fifa-wc-2018-players/Serbia10.jpg
Serbia3.jpg,Dusko TOSIC,Serbia,Defender,3,https://s3-us-west-2.amazonaws.com/fifa-wc-2018-players/Serbia3.jpg
Tunisia11.jpg,Dylan BRONN,Tunisia,Defender,11,https://s3-us-west-2.amazonaws.com/fifa-wc-2018-players/Tunisia11.jpg
Belgium10.jpg,Eden HAZARD,Belgium,Forward,10,https://s3-us-west-2.amazonaws.com/fifa-wc-2018-players/Belgium10.jpg
Brazil23.jpg,EDERSON,Brazil,Goalkeeper,23,https://s3-us-west-2.amazonaws.com/fifa-wc-2018-players/Brazil23.jpg
Panama8.jpg,Edgar BARCENAS,Panama,Midfielder,8,https://s3-us-west-2.amazonaws.com/fifa-wc-2018-players/Panama8.jpg
Uruguay21.jpg,Edinson CAVANI,Uruguay,Forward,21,https://s3-us-west-2.amazonaws.com/fifa-wc-2018-players/Uruguay21.jpg
Peru20.jpg,Edison FLORES,Peru,Forward,20,https://s3-us-west-2.amazonaws.com/fifa-wc-2018-players/Peru20.jpg
Mexico21.jpg,Edson ALVAREZ,Mexico,Defender,21,https://s3-us-west-2.amazonaws.com/fifa-wc-2018-players/Mexico21.jpg
Argentina18.jpg,Eduardo SALVIO,Argentina,Defender,18,https://s3-us-west-2.amazonaws.com/fifa-wc-2018-players/Argentina18.jpg
IR_Iran3.jpg,Ehsan HAJI SAFI,IR Iran,Defender,3,https://s3-us-west-2.amazonaws.com/fifa-wc-2018-players/IR_Iran3.jpg
Japan1.jpg,Eiji KAWASHIMA,Japan,Goalkeeper,1,https://s3-us-west-2.amazonaws.com/fifa-wc-2018-players/Japan1.jpg
Nigeria3.jpg,Elderson ECHIEJILE,Nigeria,Defender,3,https://s3-us-west-2.amazonaws.com/fifa-wc-2018-players/Nigeria3.jpg
Tunisia17.jpg,Ellyes SKHIRI,Tunisia,Midfielder,17,https://s3-us-west-2.amazonaws.com/fifa-wc-2018-players/Tunisia17.jpg
Sweden10.jpg,Emil FORSBERG,Sweden,Midfielder,10,https://s3-us-west-2.amazonaws.com/fifa-wc-2018-players/Sweden10.jpg
Iceland20.jpg,Emil HALLFREDSSON,Iceland,Midfielder,20,https://s3-us-west-2.amazonaws.com/fifa-wc-2018-players/Iceland20.jpg
Sweden16.jpg,Emil KRAFTH,Sweden,Defender,16,https://s3-us-west-2.amazonaws.com/fifa-wc-2018-players/Sweden16.jpg
Argentina15.jpg,Enzo PEREZ,Argentina,Midfielder,15,https://s3-us-west-2.amazonaws.com/fifa-wc-2018-players/Argentina15.jpg
England4.jpg,Eric  DIER,England,Midfielder,4,https://s3-us-west-2.amazonaws.com/fifa-wc-2018-players/England4.jpg
Panama15.jpg,Eric DAVIS,Panama,Defender,15,https://s3-us-west-2.amazonaws.com/fifa-wc-2018-players/Panama15.jpg
Mexico5.jpg,Erick GUTIERREZ,Mexico,Midfielder,5,https://s3-us-west-2.amazonaws.com/fifa-wc-2018-players/Mexico5.jpg
Egypt1.jpg,ESSAM ELHADARY,Egypt,Goalkeeper,1,https://s3-us-west-2.amazonaws.com/fifa-wc-2018-players/Egypt1.jpg
Argentina7.jpg,Ever BANEGA,Argentina,Midfielder,7,https://s3-us-west-2.amazonaws.com/fifa-wc-2018-players/Argentina7.jpg
England17.jpg,Fabian DELPH,England,Defender,17,https://s3-us-west-2.amazonaws.com/fifa-wc-2018-players/England17.jpg
Switzerland22.jpg,Fabian SCHAER,Switzerland,Defender,22,https://s3-us-west-2.amazonaws.com/fifa-wc-2018-players/Switzerland22.jpg
Brazil22.jpg,FAGNER,Brazil,Defender,22,https://s3-us-west-2.amazonaws.com/fifa-wc-2018-players/Brazil22.jpg
Saudi_Arabia19.jpg,FAHAD ALMUWALLAD,Saudi Arabia,Forward,19,https://s3-us-west-2.amazonaws.com/fifa-wc-2018-players/Saudi_Arabia19.jpg
Tunisia8.jpg,Fakhreddine BEN YOUSSEF,Tunisia,Forward,8,https://s3-us-west-2.amazonaws.com/fifa-wc-2018-players/Tunisia8.jpg
Colombia18.jpg,Farid DIAZ,Colombia,Defender,18,https://s3-us-west-2.amazonaws.com/fifa-wc-2018-players/Colombia18.jpg
Tunisia1.jpg,Farouk BEN MUSTAPHA,Tunisia,Goalkeeper,1,https://s3-us-west-2.amazonaws.com/fifa-wc-2018-players/Tunisia1.jpg
Morocco11.jpg,Faycal FAJR,Morocco,Midfielder,11,https://s3-us-west-2.amazonaws.com/fifa-wc-2018-players/Morocco11.jpg
Argentina6.jpg,Federico FAZIO,Argentina,Defender,6,https://s3-us-west-2.amazonaws.com/fifa-wc-2018-players/Argentina6.jpg
Russia13.jpg,Fedor KUDRIASHOV,Russia,Defender,13,https://s3-us-west-2.amazonaws.com/fifa-wc-2018-players/Russia13.jpg
Russia10.jpg,Fedor SMOLOV,Russia,Forward,10,https://s3-us-west-2.amazonaws.com/fifa-wc-2018-players/Russia10.jpg
Panama23.jpg,Felipe BALOY,Panama,Defender,23,https://s3-us-west-2.amazonaws.com/fifa-wc-2018-players/Panama23.jpg
Tunisia13.jpg,Ferjani SASSI,Tunisia,Midfielder,13,https://s3-us-west-2.amazonaws.com/fifa-wc-2018-players/Tunisia13.jpg
Brazil17.jpg,FERNANDINHO,Brazil,Midfielder,17,https://s3-us-west-2.amazonaws.com/fifa-wc-2018-players/Brazil17.jpg
Uruguay1.jpg,Fernando MUSLERA,Uruguay,Goalkeeper,1,https://s3-us-west-2.amazonaws.com/fifa-wc-2018-players/Uruguay1.jpg
Panama4.jpg,Fidel ESCOBAR,Panama,Defender,4,https://s3-us-west-2.amazonaws.com/fifa-wc-2018-players/Panama4.jpg
Croatia14.jpg,Filip BRADARIC,Croatia,Midfielder,14,https://s3-us-west-2.amazonaws.com/fifa-wc-2018-players/Croatia14.jpg
Sweden14.jpg,Filip HELANDER,Sweden,Defender,14,https://s3-us-west-2.amazonaws.com/fifa-wc-2018-players/Sweden14.jpg
Serbia17.jpg,Filip KOSTIC,Serbia,Midfielder,17,https://s3-us-west-2.amazonaws.com/fifa-wc-2018-players/Serbia17.jpg
Brazil6.jpg,FILIPE LUIS,Brazil,Defender,6,https://s3-us-west-2.amazonaws.com/fifa-wc-2018-players/Brazil6.jpg
France20.jpg,Florian THAUVIN,France,Forward,20,https://s3-us-west-2.amazonaws.com/fifa-wc-2018-players/France20.jpg
Nigeria23.jpg,Francis UZOHO,Nigeria,Goalkeeper,23,https://s3-us-west-2.amazonaws.com/fifa-wc-2018-players/Nigeria23.jpg
Costa_Rica15.jpg,Francisco CALVO,Costa Rica,Defender,15,https://s3-us-west-2.amazonaws.com/fifa-wc-2018-players/Costa_Rica15.jpg
Argentina12.jpg,Franco ARMANI,Argentina,Goalkeeper,12,https://s3-us-west-2.amazonaws.com/fifa-wc-2018-players/Argentina12.jpg
Switzerland3.jpg,Francois MOUBANDJE,Switzerland,Defender,3,https://s3-us-west-2.amazonaws.com/fifa-wc-2018-players/Switzerland3.jpg
Brazil18.jpg,FRED,Brazil,Midfielder,18,https://s3-us-west-2.amazonaws.com/fifa-wc-2018-players/Brazil18.jpg
Denmark22.jpg,Frederik RONNOW,Denmark,Goalkeeper,22,https://s3-us-west-2.amazonaws.com/fifa-wc-2018-players/Denmark22.jpg
Iceland12.jpg,Frederik SCHRAM,Iceland,Goalkeeper,12,https://s3-us-west-2.amazonaws.com/fifa-wc-2018-players/Iceland12.jpg
Panama6.jpg,Gabriel GOMEZ,Panama,Midfielder,6,https://s3-us-west-2.amazonaws.com/fifa-wc-2018-players/Panama6.jpg
Brazil9.jpg,GABRIEL JESUS,Brazil,Forward,9,https://s3-us-west-2.amazonaws.com/fifa-wc-2018-players/Brazil9.jpg
Argentina2.jpg,Gabriel MERCADO,Argentina,Defender,2,https://s3-us-west-2.amazonaws.com/fifa-wc-2018-players/Argentina2.jpg
Panama9.jpg,Gabriel TORRES,Panama,Forward,9,https://s3-us-west-2.amazonaws.com/fifa-wc-2018-players/Panama9.jpg
Japan7.jpg,Gaku SHIBASAKI,Japan,Midfielder,7,https://s3-us-west-2.amazonaws.com/fifa-wc-2018-players/Japan7.jpg
England15.jpg,Gary CAHILL,England,Defender,15,https://s3-us-west-2.amazonaws.com/fifa-wc-2018-players/England15.jpg
Uruguay13.jpg,Gaston SILVA,Uruguay,Defender,13,https://s3-us-west-2.amazonaws.com/fifa-wc-2018-players/Uruguay13.jpg
Switzerland16.jpg,Gelson FERNANDES,Switzerland,Midfielder,16,https://s3-us-west-2.amazonaws.com/fifa-wc-2018-players/Switzerland16.jpg
Portugal18.jpg,GELSON MARTINS,Portugal,Forward,18,https://s3-us-west-2.amazonaws.com/fifa-wc-2018-players/Portugal18.jpg
Japan3.jpg,Gen SHOJI,Japan,Defender,3,https://s3-us-west-2.amazonaws.com/fifa-wc-2018-players/Japan3.jpg
Japan8.jpg,Genki HARAGUCHI,Japan,Midfielder,8,https://s3-us-west-2.amazonaws.com/fifa-wc-2018-players/Japan8.jpg
Spain3.jpg,Gerard PIQUE,Spain,Defender,3,https://s3-us-west-2.amazonaws.com/fifa-wc-2018-players/Spain3.jpg
Morocco6.jpg,Ghanem SAISS,Morocco,Defender,6,https://s3-us-west-2.amazonaws.com/fifa-wc-2018-players/Morocco6.jpg
Tunisia20.jpg,Ghaylen CHAALELI,Tunisia,Forward,20,https://s3-us-west-2.amazonaws.com/fifa-wc-2018-players/Tunisia20.jpg
Costa_Rica3.jpg,Giancarlo GONZALEZ,Costa Rica,Defender,3,https://s3-us-west-2.amazonaws.com/fifa-wc-2018-players/Costa_Rica3.jpg
Uruguay10.jpg,Giorgian DE ARRASCAETA,Uruguay,Forward,10,https://s3-us-west-2.amazonaws.com/fifa-wc-2018-players/Uruguay10.jpg
Mexico10.jpg,Giovani DOS SANTOS,Mexico,Midfielder,10,https://s3-us-west-2.amazonaws.com/fifa-wc-2018-players/Mexico10.jpg
Argentina20.jpg,Giovani LO CELSO,Argentina,Midfielder,20,https://s3-us-west-2.amazonaws.com/fifa-wc-2018-players/Argentina20.jpg
Korea_Republic22.jpg,GO Yohan,Korea Republic,Defender,22,https://s3-us-west-2.amazonaws.com/fifa-wc-2018-players/Korea_Republic22.jpg
Portugal17.jpg,GONCALO GUEDES,Portugal,Forward,17,https://s3-us-west-2.amazonaws.com/fifa-wc-2018-players/Portugal17.jpg
Argentina9.jpg,Gonzalo HIGUAIN,Argentina,Forward,9,https://s3-us-west-2.amazonaws.com/fifa-wc-2018-players/Argentina9.jpg
Japan21.jpg,Gotoku SAKAI,Japan,Defender,21,https://s3-us-west-2.amazonaws.com/fifa-wc-2018-players/Japan21.jpg
Switzerland10.jpg,Granit XHAKA,Switzerland,Midfielder,10,https://s3-us-west-2.amazonaws.com/fifa-wc-2018-players/Switzerland10.jpg
Poland10.jpg,Grzegorz KRYCHOWIAK,Poland,Midfielder,10,https://s3-us-west-2.amazonaws.com/fifa-wc-2018-players/Poland10.jpg
Mexico13.jpg,Guillermo OCHOA,Mexico,Goalkeeper,13,https://s3-us-west-2.amazonaws.com/fifa-wc-2018-players/Mexico13.jpg
Uruguay4.jpg,Guillermo VARELA,Uruguay,Defender,4,https://s3-us-west-2.amazonaws.com/fifa-wc-2018-players/Uruguay4.jpg
Sweden13.jpg,Gustav SVENSSON,Sweden,Midfielder,13,https://s3-us-west-2.amazonaws.com/fifa-wc-2018-players/Sweden13.jpg
Iceland10.jpg,Gylfi SIGURDSSON,Iceland,Midfielder,10,https://s3-us-west-2.amazonaws.com/fifa-wc-2018-players/Iceland10.jpg
Morocco7.jpg,Hakim ZIYACH,Morocco,Midfielder,7,https://s3-us-west-2.amazonaws.com/fifa-wc-2018-players/Morocco7.jpg
Tunisia21.jpg,Hamdi NAGUEZ,Tunisia,Defender,21,https://s3-us-west-2.amazonaws.com/fifa-wc-2018-players/Tunisia21.jpg
Morocco3.jpg,Hamza MENDYL,Morocco,Defender,3,https://s3-us-west-2.amazonaws.com/fifa-wc-2018-players/Morocco3.jpg
Iceland1.jpg,Hannes HALLDORSSON,Iceland,Goalkeeper,1,https://s3-us-west-2.amazonaws.com/fifa-wc-2018-players/Iceland1.jpg
Switzerland9.jpg,Haris SEFEROVIC,Switzerland,Forward,9,https://s3-us-west-2.amazonaws.com/fifa-wc-2018-players/Switzerland9.jpg
Panama3.jpg,Harold CUMMINGS,Panama,Defender,3,https://s3-us-west-2.amazonaws.com/fifa-wc-2018-players/Panama3.jpg
England9.jpg,Harry KANE,England,Forward,9,https://s3-us-west-2.amazonaws.com/fifa-wc-2018-players/England9.jpg
England6.jpg,Harry MAGUIRE,England,Defender,6,https://s3-us-west-2.amazonaws.com/fifa-wc-2018-players/England6.jpg
Saudi_Arabia9.jpg,HATAN BAHBRI,Saudi Arabia,Midfielder,9,https://s3-us-west-2.amazonaws.com/fifa-wc-2018-players/Saudi_Arabia9.jpg
Mexico16.jpg,Hector HERRERA,Mexico,Defender,16,https://s3-us-west-2.amazonaws.com/fifa-wc-2018-players/Mexico16.jpg
Mexico15.jpg,Hector MORENO,Mexico,Defender,15,https://s3-us-west-2.amazonaws.com/fifa-wc-2018-players/Mexico15.jpg
Denmark14.jpg,Henrik DALSGAARD,Denmark,Defender,14,https://s3-us-west-2.amazonaws.com/fifa-wc-2018-players/Denmark14.jpg
Japan19.jpg,Hiroki SAKAI,Japan,Defender,19,https://s3-us-west-2.amazonaws.com/fifa-wc-2018-players/Japan19.jpg
Mexico22.jpg,Hirving  LOZANO,Mexico,Forward,22,https://s3-us-west-2.amazonaws.com/fifa-wc-2018-players/Mexico22.jpg
Iceland15.jpg,Holmar EYJOLFSSON,Iceland,Defender,15,https://s3-us-west-2.amazonaws.com/fifa-wc-2018-players/Iceland15.jpg
Korea_Republic14.jpg,HONG Chul,Korea Republic,Defender,14,https://s3-us-west-2.amazonaws.com/fifa-wc-2018-players/Korea_Republic14.jpg
Iceland18.jpg,Hordur MAGNUSSON,Iceland,Defender,18,https://s3-us-west-2.amazonaws.com/fifa-wc-2018-players/Iceland18.jpg
Japan16.jpg,Hotaru YAMAGUCHI,Japan,Midfielder,16,https://s3-us-west-2.amazonaws.com/fifa-wc-2018-players/Japan16.jpg
Mexico2.jpg,Hugo AYALA,Mexico,Defender,2,https://s3-us-west-2.amazonaws.com/fifa-wc-2018-players/Mexico2.jpg
France1.jpg,Hugo LLORIS,France,Goalkeeper,1,https://s3-us-west-2.amazonaws.com/fifa-wc-2018-players/France1.jpg
Saudi_Arabia16.jpg,HUSSAIN ALMOQAHWI,Saudi Arabia,Midfielder,16,https://s3-us-west-2.amazonaws.com/fifa-wc-2018-players/Saudi_Arabia16.jpg
Korea_Republic11.jpg,HWANG Heechan,Korea Republic,Forward,11,https://s3-us-west-2.amazonaws.com/fifa-wc-2018-players/Korea_Republic11.jpg
Spain17.jpg,Iago ASPAS,Spain,Forward,17,https://s3-us-west-2.amazonaws.com/fifa-wc-2018-players/Spain17.jpg
Costa_Rica4.jpg,Ian SMITH,Costa Rica,Defender,4,https://s3-us-west-2.amazonaws.com/fifa-wc-2018-players/Costa_Rica4.jpg
Senegal5.jpg,Idrissa Gana GUEYE,Senegal,Midfielder,5,https://s3-us-west-2.amazonaws.com/fifa-wc-2018-players/Senegal5.jpg
Russia1.jpg,Igor AKINFEEV,Russia,Goalkeeper,1,https://s3-us-west-2.amazonaws.com/fifa-wc-2018-players/Russia1.jpg
Russia23.jpg,Igor SMOLNIKOV,Russia,Defender,23,https://s3-us-west-2.amazonaws.com/fifa-wc-2018-players/Russia23.jpg
Nigeria1.jpg,Ikechukwu EZENWA,Nigeria,Goalkeeper,1,https://s3-us-west-2.amazonaws.com/fifa-wc-2018-players/Nigeria1.jpg
Germany21.jpg,Ilkay GUENDOGAN,Germany,Midfielder,21,https://s3-us-west-2.amazonaws.com/fifa-wc-2018-players/Germany21.jpg
Russia3.jpg,Ilya KUTEPOV,Russia,Defender,3,https://s3-us-west-2.amazonaws.com/fifa-wc-2018-players/Russia3.jpg
Sweden22.jpg,Isaac Kiese THELIN,Sweden,Forward,22,https://s3-us-west-2.amazonaws.com/fifa-wc-2018-players/Sweden22.jpg
Spain22.jpg,ISCO,Spain,Midfielder,22,https://s3-us-west-2.amazonaws.com/fifa-wc-2018-players/Spain22.jpg
Panama10.jpg,Ismael DIAZ,Panama,Forward,10,https://s3-us-west-2.amazonaws.com/fifa-wc-2018-players/Panama10.jpg
Senegal18.jpg,Ismaila SARR,Senegal,Forward,18,https://s3-us-west-2.amazonaws.com/fifa-wc-2018-players/Senegal18.jpg
Russia8.jpg,Iury GAZINSKY,Russia,Midfielder,8,https://s3-us-west-2.amazonaws.com/fifa-wc-2018-players/Russia8.jpg
Croatia4.jpg,Ivan PERISIC,Croatia,Forward,4,https://s3-us-west-2.amazonaws.com/fifa-wc-2018-players/Croatia4.jpg
Croatia7.jpg,Ivan RAKITIC,Croatia,Midfielder,7,https://s3-us-west-2.amazonaws.com/fifa-wc-2018-players/Croatia7.jpg
Croatia3.jpg,Ivan STRINIC,Croatia,Defender,3,https://s3-us-west-2.amazonaws.com/fifa-wc-2018-players/Croatia3.jpg
Poland6.jpg,Jacek GORALSKI,Poland,Midfielder,6,https://s3-us-west-2.amazonaws.com/fifa-wc-2018-players/Poland6.jpg
England13.jpg,Jack BUTLAND,England,Goalkeeper,13,https://s3-us-west-2.amazonaws.com/fifa-wc-2018-players/England13.jpg
Australia22.jpg,Jackson IRVINE,Australia,Midfielder,22,https://s3-us-west-2.amazonaws.com/fifa-wc-2018-players/Australia22.jpg
Panama1.jpg,Jaime PENEDO,Panama,Goalkeeper,1,https://s3-us-west-2.amazonaws.com/fifa-wc-2018-players/Panama1.jpg
Poland16.jpg,Jakub BLASZCZYKOWSKI,Poland,Midfielder,16,https://s3-us-west-2.amazonaws.com/fifa-wc-2018-players/Poland16.jpg
Australia3.jpg,James MEREDITH,Australia,Defender,3,https://s3-us-west-2.amazonaws.com/fifa-wc-2018-players/Australia3.jpg
Colombia10.jpg,James RODRIGUEZ,Colombia,Midfielder,10,https://s3-us-west-2.amazonaws.com/fifa-wc-2018-players/Colombia10.jpg
Australia14.jpg,Jamie MacLAREN,Australia,Forward,14,https://s3-us-west-2.amazonaws.com/fifa-wc-2018-players/Australia14.jpg
England11.jpg,Jamie VARDY,England,Forward,11,https://s3-us-west-2.amazonaws.com/fifa-wc-2018-players/England11.jpg
Poland5.jpg,Jan BEDNAREK,Poland,Defender,5,https://s3-us-west-2.amazonaws.com/fifa-wc-2018-players/Poland5.jpg
Belgium5.jpg,Jan VERTONGHEN,Belgium,Defender,5,https://s3-us-west-2.amazonaws.com/fifa-wc-2018-players/Belgium5.jpg
Korea_Republic20.jpg,JANG Hyunsoo,Korea Republic,Defender,20,https://s3-us-west-2.amazonaws.com/fifa-wc-2018-players/Korea_Republic20.jpg
Denmark3.jpg,Jannik VESTERGAARD,Denmark,Defender,3,https://s3-us-west-2.amazonaws.com/fifa-wc-2018-players/Denmark3.jpg
Mexico20.jpg,Javier AQUINO,Mexico,Midfielder,20,https://s3-us-west-2.amazonaws.com/fifa-wc-2018-players/Mexico20.jpg
Mexico14.jpg,Javier HERNANDEZ,Mexico,Forward,14,https://s3-us-west-2.amazonaws.com/fifa-wc-2018-players/Mexico14.jpg
Argentina14.jpg,Javier MASCHERANO,Argentina,Defender,14,https://s3-us-west-2.amazonaws.com/fifa-wc-2018-players/Argentina14.jpg
Colombia16.jpg,Jefferson  LERMA,Colombia,Midfielder,16,https://s3-us-west-2.amazonaws.com/fifa-wc-2018-players/Colombia16.jpg
Peru10.jpg,Jefferson FARFAN,Peru,Forward,10,https://s3-us-west-2.amazonaws.com/fifa-wc-2018-players/Peru10.jpg
Denmark17.jpg,Jens Stryger LARSEN,Denmark,Defender,17,https://s3-us-west-2.amazonaws.com/fifa-wc-2018-players/Denmark17.jpg
Germany17.jpg,Jerome BOATENG,Germany,Defender,17,https://s3-us-west-2.amazonaws.com/fifa-wc-2018-players/Germany17.jpg
England7.jpg,Jesse  LINGARD,England,Midfielder,7,https://s3-us-west-2.amazonaws.com/fifa-wc-2018-players/England7.jpg
Mexico17.jpg,Jesus CORONA,Mexico,Midfielder,17,https://s3-us-west-2.amazonaws.com/fifa-wc-2018-players/Mexico17.jpg
Mexico23.jpg,Jesus GALLARDO,Mexico,Midfielder,23,https://s3-us-west-2.amazonaws.com/fifa-wc-2018-players/Mexico23.jpg
Sweden21.jpg,Jimmy DURMAZ,Sweden,Midfielder,21,https://s3-us-west-2.amazonaws.com/fifa-wc-2018-players/Sweden21.jpg
Korea_Republic23.jpg,JO Hyeonwoo,Korea Republic,Goalkeeper,23,https://s3-us-west-2.amazonaws.com/fifa-wc-2018-players/Korea_Republic23.jpg
Portugal10.jpg,JOAO MARIO,Portugal,Midfielder,10,https://s3-us-west-2.amazonaws.com/fifa-wc-2018-players/Portugal10.jpg
Portugal8.jpg,JOAO MOUTINHO,Portugal,Midfielder,8,https://s3-us-west-2.amazonaws.com/fifa-wc-2018-players/Portugal8.jpg
Costa_Rica12.jpg,Joel CAMPBELL,Costa Rica,Forward,12,https://s3-us-west-2.amazonaws.com/fifa-wc-2018-players/Costa_Rica12.jpg
Nigeria15.jpg,Joel OBI,Nigeria,Midfielder,15,https://s3-us-west-2.amazonaws.com/fifa-wc-2018-players/Nigeria15.jpg
Switzerland20.jpg,Johan DJOUROU,Switzerland,Defender,20,https://s3-us-west-2.amazonaws.com/fifa-wc-2018-players/Switzerland20.jpg
Colombia17.jpg,Johan MOJICA,Colombia,Defender,17,https://s3-us-west-2.amazonaws.com/fifa-wc-2018-players/Colombia17.jpg
Costa_Rica11.jpg,Johan VENEGAS,Costa Rica,Forward,11,https://s3-us-west-2.amazonaws.com/fifa-wc-2018-players/Costa_Rica11.jpg
Iceland7.jpg,Johann GUDMUNDSSON,Iceland,Midfielder,7,https://s3-us-west-2.amazonaws.com/fifa-wc-2018-players/Iceland7.jpg
Sweden11.jpg,John GUIDETTI,Sweden,Forward,11,https://s3-us-west-2.amazonaws.com/fifa-wc-2018-players/Sweden11.jpg
Nigeria10.jpg,John Obi MIKEL,Nigeria,Midfielder,10,https://s3-us-west-2.amazonaws.com/fifa-wc-2018-players/Nigeria10.jpg
Nigeria19.jpg,John OGU,Nigeria,Midfielder,19,https://s3-us-west-2.amazonaws.com/fifa-wc-2018-players/Nigeria19.jpg
England5.jpg,John STONES,England,Defender,5,https://s3-us-west-2.amazonaws.com/fifa-wc-2018-players/England5.jpg
Costa_Rica2.jpg,Johnny ACOSTA,Costa Rica,Defender,2,https://s3-us-west-2.amazonaws.com/fifa-wc-2018-players/Costa_Rica2.jpg
Iceland22.jpg,Jon BODVARSSON,Iceland,Forward,22,https://s3-us-west-2.amazonaws.com/fifa-wc-2018-players/Iceland22.jpg
Germany3.jpg,Jonas HECTOR,Germany,Defender,3,https://s3-us-west-2.amazonaws.com/fifa-wc-2018-players/Germany3.jpg
Denmark5.jpg,Jonas KNUDSEN,Denmark,Defender,5,https://s3-us-west-2.amazonaws.com/fifa-wc-2018-players/Denmark5.jpg
Denmark16.jpg,Jonas LOSSL,Denmark,Goalkeeper,16,https://s3-us-west-2.amazonaws.com/fifa-wc-2018-players/Denmark16.jpg
Mexico6.jpg,Jonathan DOS SANTOS,Mexico,Midfielder,6,https://s3-us-west-2.amazonaws.com/fifa-wc-2018-players/Mexico6.jpg
Uruguay20.jpg,Jonathan URRETAVISCAYA,Uruguay,Forward,20,https://s3-us-west-2.amazonaws.com/fifa-wc-2018-players/Uruguay20.jpg
England8.jpg,Jordan HENDERSON,England,Midfielder,8,https://s3-us-west-2.amazonaws.com/fifa-wc-2018-players/England8.jpg
England1.jpg,Jordan PICKFORD,England,Goalkeeper,1,https://s3-us-west-2.amazonaws.com/fifa-wc-2018-players/England1.jpg
Spain18.jpg,Jordi ALBA,Spain,Defender,18,https://s3-us-west-2.amazonaws.com/fifa-wc-2018-players/Spain18.jpg
Panama12.jpg,Jose CALDERON,Panama,Goalkeeper,12,https://s3-us-west-2.amazonaws.com/fifa-wc-2018-players/Panama12.jpg
Peru21.jpg,Jose CARVALLO,Peru,Goalkeeper,21,https://s3-us-west-2.amazonaws.com/fifa-wc-2018-players/Peru21.jpg
Mexico1.jpg,Jose CORONA,Mexico,Goalkeeper,1,https://s3-us-west-2.amazonaws.com/fifa-wc-2018-players/Mexico1.jpg
Colombia22.jpg,Jose CUADRADO,Colombia,Goalkeeper,22,https://s3-us-west-2.amazonaws.com/fifa-wc-2018-players/Colombia22.jpg
Portugal6.jpg,JOSE FONTE,Portugal,Defender,6,https://s3-us-west-2.amazonaws.com/fifa-wc-2018-players/Portugal6.jpg
Uruguay2.jpg,Jose GIMENEZ,Uruguay,Defender,2,https://s3-us-west-2.amazonaws.com/fifa-wc-2018-players/Uruguay2.jpg
Colombia21.jpg,Jose IZQUIERDO,Colombia,Forward,21,https://s3-us-west-2.amazonaws.com/fifa-wc-2018-players/Colombia21.jpg
Panama21.jpg,Jose Luis RODRIGUEZ,Panama,Midfielder,21,https://s3-us-west-2.amazonaws.com/fifa-wc-2018-players/Panama21.jpg
Germany18.jpg,Joshua KIMMICH,Germany,Defender,18,https://s3-us-west-2.amazonaws.com/fifa-wc-2018-players/Germany18.jpg
Australia19.jpg,Joshua RISDON,Australia,Defender,19,https://s3-us-west-2.amazonaws.com/fifa-wc-2018-players/Australia19.jpg
Switzerland19.jpg,Josip DRMIC,Switzerland,Forward,19,https://s3-us-west-2.amazonaws.com/fifa-wc-2018-players/Switzerland19.jpg
Croatia22.jpg,Josip PIVARIC,Croatia,Defender,22,https://s3-us-west-2.amazonaws.com/fifa-wc-2018-players/Croatia22.jpg
Korea_Republic8.jpg,JU Sejong,Korea Republic,Midfielder,8,https://s3-us-west-2.amazonaws.com/fifa-wc-2018-players/Korea_Republic8.jpg
Colombia11.jpg,Juan CUADRADO,Colombia,Midfielder,11,https://s3-us-west-2.amazonaws.com/fifa-wc-2018-players/Colombia11.jpg
Colombia20.jpg,Juan QUINTERO,Colombia,Midfielder,20,https://s3-us-west-2.amazonaws.com/fifa-wc-2018-players/Colombia20.jpg
Germany20.jpg,Julian BRANDT,Germany,Midfielder,20,https://s3-us-west-2.amazonaws.com/fifa-wc-2018-players/Germany20.jpg
Germany7.jpg,Julian DRAXLER,Germany,Midfielder,7,https://s3-us-west-2.amazonaws.com/fifa-wc-2018-players/Germany7.jpg
Korea_Republic3.jpg,JUNG Seunghyun,Korea Republic,Defender,3,https://s3-us-west-2.amazonaws.com/fifa-wc-2018-players/Korea_Republic3.jpg
Korea_Republic15.jpg,JUNG Wooyoung,Korea Republic,Midfielder,15,https://s3-us-west-2.amazonaws.com/fifa-wc-2018-players/Korea_Republic15.jpg
Egypt11.jpg,KAHRABA,Egypt,Forward,11,https://s3-us-west-2.amazonaws.com/fifa-wc-2018-players/Egypt11.jpg
Senegal3.jpg,Kalidou KOULIBALY,Senegal,Defender,3,https://s3-us-west-2.amazonaws.com/fifa-wc-2018-players/Senegal3.jpg
Poland15.jpg,Kamil GLIK,Poland,Defender,15,https://s3-us-west-2.amazonaws.com/fifa-wc-2018-players/Poland15.jpg
Poland11.jpg,Kamil GROSICKI,Poland,Midfielder,11,https://s3-us-west-2.amazonaws.com/fifa-wc-2018-players/Poland11.jpg
Senegal4.jpg,Kara MBODJI,Senegal,Defender,4,https://s3-us-west-2.amazonaws.com/fifa-wc-2018-players/Senegal4.jpg
Iceland14.jpg,Kari ARNASON,Iceland,Defender,14,https://s3-us-west-2.amazonaws.com/fifa-wc-2018-players/Iceland14.jpg
IR_Iran10.jpg,Karim ANSARIFARD,IR Iran,Forward,10,https://s3-us-west-2.amazonaws.com/fifa-wc-2018-players/IR_Iran10.jpg
Morocco8.jpg,Karim EL AHMADI,Morocco,Midfielder,8,https://s3-us-west-2.amazonaws.com/fifa-wc-2018-players/Morocco8.jpg
Sweden12.jpg,Karl-Johan JOHNSSON,Sweden,Goalkeeper,12,https://s3-us-west-2.amazonaws.com/fifa-wc-2018-players/Sweden12.jpg
Poland8.jpg,Karol LINETTY,Poland,Midfielder,8,https://s3-us-west-2.amazonaws.com/fifa-wc-2018-players/Poland8.jpg
Denmark1.jpg,Kasper  SCHMEICHEL,Denmark,Goalkeeper,1,https://s3-us-west-2.amazonaws.com/fifa-wc-2018-players/Denmark1.jpg
Denmark12.jpg,Kasper DOLBERG,Denmark,Forward,12,https://s3-us-west-2.amazonaws.com/fifa-wc-2018-players/Denmark12.jpg
Japan4.jpg,Keisuke HONDA,Japan,Midfielder,4,https://s3-us-west-2.amazonaws.com/fifa-wc-2018-players/Japan4.jpg
Senegal20.jpg,Keita BALDE,Senegal,Forward,20,https://s3-us-west-2.amazonaws.com/fifa-wc-2018-players/Senegal20.jpg
Nigeria14.jpg,Kelechi IHEANACHO,Nigeria,Forward,14,https://s3-us-west-2.amazonaws.com/fifa-wc-2018-players/Nigeria14.jpg
Costa_Rica19.jpg,Kendall WASTON,Costa Rica,Defender,19,https://s3-us-west-2.amazonaws.com/fifa-wc-2018-players/Costa_Rica19.jpg
Costa_Rica22.jpg,Kenner GUTIERREZ,Costa Rica,Defender,22,https://s3-us-west-2.amazonaws.com/fifa-wc-2018-players/Costa_Rica22.jpg
Nigeria22.jpg,Kenneth OMERUO,Nigeria,Defender,22,https://s3-us-west-2.amazonaws.com/fifa-wc-2018-players/Nigeria22.jpg
Spain13.jpg,Kepa ARRIZABALAGA,Spain,Goalkeeper,13,https://s3-us-west-2.amazonaws.com/fifa-wc-2018-players/Spain13.jpg
Belgium7.jpg,Kevin DE BRUYNE,Belgium,Midfielder,7,https://s3-us-west-2.amazonaws.com/fifa-wc-2018-players/Belgium7.jpg
Germany12.jpg,Kevin TRAPP,Germany,Goalkeeper,12,https://s3-us-west-2.amazonaws.com/fifa-wc-2018-players/Germany12.jpg
Costa_Rica1.jpg,Keylor NAVAS,Costa Rica,Goalkeeper,1,https://s3-us-west-2.amazonaws.com/fifa-wc-2018-players/Costa_Rica1.jpg
Senegal16.jpg,Khadim NDIAYE,Senegal,Goalkeeper,16,https://s3-us-west-2.amazonaws.com/fifa-wc-2018-players/Senegal16.jpg
Morocco13.jpg,Khalid BOUTAIB,Morocco,Forward,13,https://s3-us-west-2.amazonaws.com/fifa-wc-2018-players/Morocco13.jpg
Korea_Republic16.jpg,KI Sungyueng,Korea Republic,Midfielder,16,https://s3-us-west-2.amazonaws.com/fifa-wc-2018-players/Korea_Republic16.jpg
England12.jpg,Kieran TRIPPIER,England,Defender,12,https://s3-us-west-2.amazonaws.com/fifa-wc-2018-players/England12.jpg
Korea_Republic21.jpg,KIM Jinhyeon,Korea Republic,Goalkeeper,21,https://s3-us-west-2.amazonaws.com/fifa-wc-2018-players/Korea_Republic21.jpg
Korea_Republic12.jpg,KIM Minwoo,Korea Republic,Defender,12,https://s3-us-west-2.amazonaws.com/fifa-wc-2018-players/Korea_Republic12.jpg
Korea_Republic1.jpg,KIM Seunggyu,Korea Republic,Goalkeeper,1,https://s3-us-west-2.amazonaws.com/fifa-wc-2018-players/Korea_Republic1.jpg
Korea_Republic9.jpg,KIM Shinwook,Korea Republic,Forward,9,https://s3-us-west-2.amazonaws.com/fifa-wc-2018-players/Korea_Republic9.jpg
Korea_Republic19.jpg,KIM Younggwon,Korea Republic,Defender,19,https://s3-us-west-2.amazonaws.com/fifa-wc-2018-players/Korea_Republic19.jpg
Belgium13.jpg,Koen CASTEELS,Belgium,Goalkeeper,13,https://s3-us-west-2.amazonaws.com/fifa-wc-2018-players/Belgium13.jpg
Spain8.jpg,KOKE,Spain,Midfielder,8,https://s3-us-west-2.amazonaws.com/fifa-wc-2018-players/Spain8.jpg
Korea_Republic13.jpg,KOO Jacheol,Korea Republic,Midfielder,13,https://s3-us-west-2.amazonaws.com/fifa-wc-2018-players/Korea_Republic13.jpg
Japan23.jpg,Kosuke NAKAMURA,Japan,Goalkeeper,23,https://s3-us-west-2.amazonaws.com/fifa-wc-2018-players/Japan23.jpg
Sweden23.jpg,Kristoffer NORDFELDT,Sweden,Goalkeeper,23,https://s3-us-west-2.amazonaws.com/fifa-wc-2018-players/Sweden23.jpg
England2.jpg,Kyle WALKER,England,Defender,2,https://s3-us-west-2.amazonaws.com/fifa-wc-2018-players/England2.jpg
France10.jpg,Kylian MBAPPE,France,Forward,10,https://s3-us-west-2.amazonaws.com/fifa-wc-2018-players/France10.jpg
Senegal21.jpg,Lamine GASSAMA,Senegal,Defender,21,https://s3-us-west-2.amazonaws.com/fifa-wc-2018-players/Senegal21.jpg
Denmark19.jpg,Lasse SCHONE,Denmark,Midfielder,19,https://s3-us-west-2.amazonaws.com/fifa-wc-2018-players/Denmark19.jpg
Belgium23.jpg,Leander DENDONCKER,Belgium,Defender,23,https://s3-us-west-2.amazonaws.com/fifa-wc-2018-players/Belgium23.jpg
Korea_Republic17.jpg,LEE Jaesung,Korea Republic,Midfielder,17,https://s3-us-west-2.amazonaws.com/fifa-wc-2018-players/Korea_Republic17.jpg
Korea_Republic10.jpg,LEE Seungwoo,Korea Republic,Midfielder,10,https://s3-us-west-2.amazonaws.com/fifa-wc-2018-players/Korea_Republic10.jpg
Korea_Republic2.jpg,LEE Yong,Korea Republic,Defender,2,https://s3-us-west-2.amazonaws.com/fifa-wc-2018-players/Korea_Republic2.jpg
Nigeria6.jpg,Leon BALOGUN,Nigeria,Defender,6,https://s3-us-west-2.amazonaws.com/fifa-wc-2018-players/Nigeria6.jpg
Germany14.jpg,Leon GORETZKA,Germany,Midfielder,14,https://s3-us-west-2.amazonaws.com/fifa-wc-2018-players/Germany14.jpg
Costa_Rica23.jpg,Leonel MOREIRA,Costa Rica,Goalkeeper,23,https://s3-us-west-2.amazonaws.com/fifa-wc-2018-players/Costa_Rica23.jpg
Argentina10.jpg,Lionel MESSI,Argentina,Forward,10,https://s3-us-west-2.amazonaws.com/fifa-wc-2018-players/Argentina10.jpg
Croatia12.jpg,Lovre KALINIC,Croatia,Goalkeeper,12,https://s3-us-west-2.amazonaws.com/fifa-wc-2018-players/Croatia12.jpg
Argentina5.jpg,Lucas BIGLIA,Argentina,Midfielder,5,https://s3-us-west-2.amazonaws.com/fifa-wc-2018-players/Argentina5.jpg
France21.jpg,Lucas HERNANDEZ,France,Defender,21,https://s3-us-west-2.amazonaws.com/fifa-wc-2018-players/France21.jpg
Uruguay14.jpg,Lucas TORREIRA,Uruguay,Midfielder,14,https://s3-us-west-2.amazonaws.com/fifa-wc-2018-players/Uruguay14.jpg
Spain11.jpg,Lucas VAZQUEZ,Spain,Forward,11,https://s3-us-west-2.amazonaws.com/fifa-wc-2018-players/Spain11.jpg
Sweden6.jpg,Ludwig AUGUSTINSSON,Sweden,Defender,6,https://s3-us-west-2.amazonaws.com/fifa-wc-2018-players/Sweden6.jpg
Peru17.jpg,Luis ADVINCULA,Peru,Defender,17,https://s3-us-west-2.amazonaws.com/fifa-wc-2018-players/Peru17.jpg
Colombia14.jpg,Luis MURIEL,Colombia,Forward,14,https://s3-us-west-2.amazonaws.com/fifa-wc-2018-players/Colombia14.jpg
Panama17.jpg,Luis OVALLE,Panama,Defender,17,https://s3-us-west-2.amazonaws.com/fifa-wc-2018-players/Panama17.jpg
Uruguay9.jpg,Luis SUAREZ,Uruguay,Forward,9,https://s3-us-west-2.amazonaws.com/fifa-wc-2018-players/Uruguay9.jpg
Panama18.jpg,Luis TEJADA,Panama,Forward,18,https://s3-us-west-2.amazonaws.com/fifa-wc-2018-players/Panama18.jpg
Serbia19.jpg,Luka JOVIC,Serbia,Forward,19,https://s3-us-west-2.amazonaws.com/fifa-wc-2018-players/Serbia19.jpg
Serbia4.jpg,Luka MILIVOJEVIC,Serbia,Midfielder,4,https://s3-us-west-2.amazonaws.com/fifa-wc-2018-players/Serbia4.jpg
Croatia10.jpg,Luka MODRIC,Croatia,Midfielder,10,https://s3-us-west-2.amazonaws.com/fifa-wc-2018-players/Croatia10.jpg
Denmark18.jpg,Lukas LERAGER,Denmark,Midfielder,18,https://s3-us-west-2.amazonaws.com/fifa-wc-2018-players/Denmark18.jpg
Poland22.jpg,Lukasz FABIANSKI,Poland,Goalkeeper,22,https://s3-us-west-2.amazonaws.com/fifa-wc-2018-players/Poland22.jpg
Poland20.jpg,Lukasz PISZCZEK,Poland,Defender,20,https://s3-us-west-2.amazonaws.com/fifa-wc-2018-players/Poland20.jpg
Poland14.jpg,Lukasz TEODORCZYK,Poland,Forward,14,https://s3-us-west-2.amazonaws.com/fifa-wc-2018-players/Poland14.jpg
Poland13.jpg,Maciej RYBUS,Poland,Midfielder,13,https://s3-us-west-2.amazonaws.com/fifa-wc-2018-players/Poland13.jpg
IR_Iran2.jpg,Mahdi TORABI,IR Iran,Midfielder,2,https://s3-us-west-2.amazonaws.com/fifa-wc-2018-players/IR_Iran2.jpg
Egypt15.jpg,MAHMOUD HAMDY,Egypt,Defender,15,https://s3-us-west-2.amazonaws.com/fifa-wc-2018-players/Egypt15.jpg
IR_Iran19.jpg,Majid HOSSEINI,IR Iran,Defender,19,https://s3-us-west-2.amazonaws.com/fifa-wc-2018-players/IR_Iran19.jpg
Japan17.jpg,Makoto HASEBE,Japan,Midfielder,17,https://s3-us-west-2.amazonaws.com/fifa-wc-2018-players/Japan17.jpg
Senegal9.jpg,Mame DIOUF,Senegal,Forward,9,https://s3-us-west-2.amazonaws.com/fifa-wc-2018-players/Senegal9.jpg
Saudi_Arabia2.jpg,MANSOUR ALHARBI,Saudi Arabia,Defender,2,https://s3-us-west-2.amazonaws.com/fifa-wc-2018-players/Saudi_Arabia2.jpg
Switzerland5.jpg,Manuel AKANJI,Switzerland,Defender,5,https://s3-us-west-2.amazonaws.com/fifa-wc-2018-players/Switzerland5.jpg
Morocco4.jpg,Manuel DA COSTA,Morocco,Defender,4,https://s3-us-west-2.amazonaws.com/fifa-wc-2018-players/Morocco4.jpg
Portugal4.jpg,MANUEL FERNANDES,Portugal,Midfielder,4,https://s3-us-west-2.amazonaws.com/fifa-wc-2018-players/Portugal4.jpg
Germany1.jpg,Manuel NEUER,Germany,Goalkeeper,1,https://s3-us-west-2.amazonaws.com/fifa-wc-2018-players/Germany1.jpg
Germany22.jpg,Marc-Andre TER STEGEN,Germany,Goalkeeper,22,https://s3-us-west-2.amazonaws.com/fifa-wc-2018-players/Germany22.jpg
Brazil12.jpg,MARCELO,Brazil,Defender,12,https://s3-us-west-2.amazonaws.com/fifa-wc-2018-players/Brazil12.jpg
Croatia11.jpg,Marcelo BROZOVIC,Croatia,Midfielder,11,https://s3-us-west-2.amazonaws.com/fifa-wc-2018-players/Croatia11.jpg
Spain20.jpg,Marco ASENSIO,Spain,Midfielder,20,https://s3-us-west-2.amazonaws.com/fifa-wc-2018-players/Spain20.jpg
Mexico8.jpg,Marco FABIAN,Mexico,Forward,8,https://s3-us-west-2.amazonaws.com/fifa-wc-2018-players/Mexico8.jpg
Germany11.jpg,Marco REUS,Germany,Forward,11,https://s3-us-west-2.amazonaws.com/fifa-wc-2018-players/Germany11.jpg
Argentina8.jpg,Marcos ACUNA,Argentina,Defender,8,https://s3-us-west-2.amazonaws.com/fifa-wc-2018-players/Argentina8.jpg
Argentina16.jpg,Marcos ROJO,Argentina,Defender,16,https://s3-us-west-2.amazonaws.com/fifa-wc-2018-players/Argentina16.jpg
Costa_Rica21.jpg,Marcos URENA,Costa Rica,Forward,21,https://s3-us-west-2.amazonaws.com/fifa-wc-2018-players/Costa_Rica21.jpg
Sweden9.jpg,Marcus BERG,Sweden,Forward,9,https://s3-us-west-2.amazonaws.com/fifa-wc-2018-players/Sweden9.jpg
England19.jpg,Marcus RASHFORD,England,Forward,19,https://s3-us-west-2.amazonaws.com/fifa-wc-2018-players/England19.jpg
Sweden19.jpg,Marcus ROHDEN,Sweden,Midfielder,19,https://s3-us-west-2.amazonaws.com/fifa-wc-2018-players/Sweden19.jpg
Russia2.jpg,MARIO FERNANDES,Russia,Defender,2,https://s3-us-west-2.amazonaws.com/fifa-wc-2018-players/Russia2.jpg
Switzerland18.jpg,Mario GAVRANOVIC,Switzerland,Forward,18,https://s3-us-west-2.amazonaws.com/fifa-wc-2018-players/Switzerland18.jpg
Germany23.jpg,Mario GOMEZ,Germany,Forward,23,https://s3-us-west-2.amazonaws.com/fifa-wc-2018-players/Germany23.jpg
Croatia17.jpg,Mario MANDZUKIC,Croatia,Forward,17,https://s3-us-west-2.amazonaws.com/fifa-wc-2018-players/Croatia17.jpg
Portugal19.jpg,MARIO RUI,Portugal,Defender,19,https://s3-us-west-2.amazonaws.com/fifa-wc-2018-players/Portugal19.jpg
Australia5.jpg,Mark MILLIGAN,Australia,Defender,5,https://s3-us-west-2.amazonaws.com/fifa-wc-2018-players/Australia5.jpg
Serbia23.jpg,Marko DMITROVIC,Serbia,Goalkeeper,23,https://s3-us-west-2.amazonaws.com/fifa-wc-2018-players/Serbia23.jpg
Serbia16.jpg,Marko GRUJIC,Serbia,Midfielder,16,https://s3-us-west-2.amazonaws.com/fifa-wc-2018-players/Serbia16.jpg
Croatia20.jpg,Marko PJACA,Croatia,Forward,20,https://s3-us-west-2.amazonaws.com/fifa-wc-2018-players/Croatia20.jpg
Belgium8.jpg,Marouane FELLAINI,Belgium,Midfielder,8,https://s3-us-west-2.amazonaws.com/fifa-wc-2018-players/Belgium8.jpg
Brazil13.jpg,MARQUINHOS,Brazil,Defender,13,https://s3-us-west-2.amazonaws.com/fifa-wc-2018-players/Brazil13.jpg
Denmark11.jpg,Martin BRAITHWAITE,Denmark,Forward,11,https://s3-us-west-2.amazonaws.com/fifa-wc-2018-players/Denmark11.jpg
Uruguay22.jpg,Martin CACERES,Uruguay,Defender,22,https://s3-us-west-2.amazonaws.com/fifa-wc-2018-players/Uruguay22.jpg
Uruguay12.jpg,Martin CAMPANA,Uruguay,Goalkeeper,12,https://s3-us-west-2.amazonaws.com/fifa-wc-2018-players/Uruguay12.jpg
Sweden5.jpg,Martin OLSSON,Sweden,Defender,5,https://s3-us-west-2.amazonaws.com/fifa-wc-2018-players/Sweden5.jpg
Uruguay23.jpg,Martin SILVA,Uruguay,Goalkeeper,23,https://s3-us-west-2.amazonaws.com/fifa-wc-2018-players/Uruguay23.jpg
Germany2.jpg,Marvin PLATTENHARDT,Germany,Defender,2,https://s3-us-west-2.amazonaws.com/fifa-wc-2018-players/Germany2.jpg
Egypt9.jpg,MARWAN MOHSEN,Egypt,Forward,9,https://s3-us-west-2.amazonaws.com/fifa-wc-2018-players/Egypt9.jpg
Japan12.jpg,Masaaki HIGASHIGUCHI,Japan,Goalkeeper,12,https://s3-us-west-2.amazonaws.com/fifa-wc-2018-players/Japan12.jpg
IR_Iran7.jpg,Masoud SHOJAEI,IR Iran,Midfielder,7,https://s3-us-west-2.amazonaws.com/fifa-wc-2018-players/IR_Iran7.jpg
Australia8.jpg,Massimo LUONGO,Australia,Midfielder,8,https://s3-us-west-2.amazonaws.com/fifa-wc-2018-players/Australia8.jpg
Croatia8.jpg,Mateo KOVACIC,Croatia,Midfielder,8,https://s3-us-west-2.amazonaws.com/fifa-wc-2018-players/Croatia8.jpg
Colombia15.jpg,Mateus URIBE,Colombia,Midfielder,15,https://s3-us-west-2.amazonaws.com/fifa-wc-2018-players/Colombia15.jpg
Australia7.jpg,Mathew LECKIE,Australia,Forward,7,https://s3-us-west-2.amazonaws.com/fifa-wc-2018-players/Australia7.jpg
Australia1.jpg,Mathew RYAN,Australia,Goalkeeper,1,https://s3-us-west-2.amazonaws.com/fifa-wc-2018-players/Australia1.jpg
Denmark13.jpg,Mathias  JORGENSEN,Denmark,Defender,13,https://s3-us-west-2.amazonaws.com/fifa-wc-2018-players/Denmark13.jpg
Uruguay15.jpg,Matias VECINO,Uruguay,Midfielder,15,https://s3-us-west-2.amazonaws.com/fifa-wc-2018-players/Uruguay15.jpg
Germany5.jpg,Mats HUMMELS,Germany,Defender,5,https://s3-us-west-2.amazonaws.com/fifa-wc-2018-players/Germany5.jpg
Australia6.jpg,Matthew JURMAN,Australia,Defender,6,https://s3-us-west-2.amazonaws.com/fifa-wc-2018-players/Australia6.jpg
Germany4.jpg,Matthias GINTER,Germany,Defender,4,https://s3-us-west-2.amazonaws.com/fifa-wc-2018-players/Germany4.jpg
Uruguay18.jpg,Maximiliano GOMEZ,Uruguay,Forward,18,https://s3-us-west-2.amazonaws.com/fifa-wc-2018-players/Uruguay18.jpg
Argentina13.jpg,Maximiliano MEZA,Argentina,Midfielder,13,https://s3-us-west-2.amazonaws.com/fifa-wc-2018-players/Argentina13.jpg
Uruguay16.jpg,Maximiliano PEREIRA,Uruguay,Defender,16,https://s3-us-west-2.amazonaws.com/fifa-wc-2018-players/Uruguay16.jpg
Japan22.jpg,Maya YOSHIDA,Japan,Defender,22,https://s3-us-west-2.amazonaws.com/fifa-wc-2018-players/Japan22.jpg
Morocco14.jpg,Mbark BOUSSOUFA,Morocco,Midfielder,14,https://s3-us-west-2.amazonaws.com/fifa-wc-2018-players/Morocco14.jpg
Senegal19.jpg,Mbaye NIANG,Senegal,Forward,19,https://s3-us-west-2.amazonaws.com/fifa-wc-2018-players/Senegal19.jpg
Morocco5.jpg,Mehdi BENATIA,Morocco,Defender,5,https://s3-us-west-2.amazonaws.com/fifa-wc-2018-players/Morocco5.jpg
Morocco23.jpg,Mehdi CARCELA,Morocco,Midfielder,23,https://s3-us-west-2.amazonaws.com/fifa-wc-2018-players/Morocco23.jpg
IR_Iran17.jpg,Mehdi TAREMI,IR Iran,Forward,17,https://s3-us-west-2.amazonaws.com/fifa-wc-2018-players/IR_Iran17.jpg
Germany10.jpg,Mesut OEZIL,Germany,Midfielder,10,https://s3-us-west-2.amazonaws.com/fifa-wc-2018-players/Germany10.jpg
Denmark2.jpg,Michael KROHN-DEHLI,Denmark,Midfielder,2,https://s3-us-west-2.amazonaws.com/fifa-wc-2018-players/Denmark2.jpg
Switzerland6.jpg,Michael LANG,Switzerland,Defender,6,https://s3-us-west-2.amazonaws.com/fifa-wc-2018-players/Switzerland6.jpg
Panama2.jpg,Michael MURILLO,Panama,Defender,2,https://s3-us-west-2.amazonaws.com/fifa-wc-2018-players/Panama2.jpg
Poland2.jpg,Michal PAZDAN,Poland,Defender,2,https://s3-us-west-2.amazonaws.com/fifa-wc-2018-players/Poland2.jpg
Belgium21.jpg,Michy BATSHUAYI,Belgium,Forward,21,https://s3-us-west-2.amazonaws.com/fifa-wc-2018-players/Belgium21.jpg
Peru5.jpg,Miguel ARAUJO,Peru,Defender,5,https://s3-us-west-2.amazonaws.com/fifa-wc-2018-players/Peru5.jpg
Colombia19.jpg,Miguel BORJA,Colombia,Forward,19,https://s3-us-west-2.amazonaws.com/fifa-wc-2018-players/Colombia19.jpg
Mexico7.jpg,Miguel LAYUN,Mexico,Midfielder,7,https://s3-us-west-2.amazonaws.com/fifa-wc-2018-players/Mexico7.jpg
Peru6.jpg,Miguel TRAUCO,Peru,Defender,6,https://s3-us-west-2.amazonaws.com/fifa-wc-2018-players/Peru6.jpg
Sweden2.jpg,Mikael LUSTIG,Sweden,Defender,2,https://s3-us-west-2.amazonaws.com/fifa-wc-2018-players/Sweden2.jpg
IR_Iran5.jpg,Milad MOHAMMADI,IR Iran,Defender,5,https://s3-us-west-2.amazonaws.com/fifa-wc-2018-players/IR_Iran5.jpg
Croatia19.jpg,Milan BADELJ,Croatia,Midfielder,19,https://s3-us-west-2.amazonaws.com/fifa-wc-2018-players/Croatia19.jpg
Serbia14.jpg,Milan RODIC,Serbia,Defender,14,https://s3-us-west-2.amazonaws.com/fifa-wc-2018-players/Serbia14.jpg
Australia15.jpg,Mile JEDINAK,Australia,Midfielder,15,https://s3-us-west-2.amazonaws.com/fifa-wc-2018-players/Australia15.jpg
Australia2.jpg,Milos DEGENEK,Australia,Defender,2,https://s3-us-west-2.amazonaws.com/fifa-wc-2018-players/Australia2.jpg
Serbia13.jpg,Milos VELJKOVIC,Serbia,Defender,13,https://s3-us-west-2.amazonaws.com/fifa-wc-2018-players/Serbia13.jpg
Brazil3.jpg,MIRANDA,Brazil,Defender,3,https://s3-us-west-2.amazonaws.com/fifa-wc-2018-players/Brazil3.jpg
Egypt13.jpg,MOHAMED ABDELSHAFY,Egypt,Defender,13,https://s3-us-west-2.amazonaws.com/fifa-wc-2018-players/Egypt13.jpg
Tunisia14.jpg,Mohamed BEN AMOR,Tunisia,Midfielder,14,https://s3-us-west-2.amazonaws.com/fifa-wc-2018-players/Tunisia14.jpg
Egypt17.jpg,MOHAMED ELNENY,Egypt,Midfielder,17,https://s3-us-west-2.amazonaws.com/fifa-wc-2018-players/Egypt17.jpg
Egypt23.jpg,MOHAMED ELSHENAWY,Egypt,Goalkeeper,23,https://s3-us-west-2.amazonaws.com/fifa-wc-2018-players/Egypt23.jpg
Saudi_Arabia12.jpg,MOHAMED KANNO,Saudi Arabia,Midfielder,12,https://s3-us-west-2.amazonaws.com/fifa-wc-2018-players/Saudi_Arabia12.jpg
Egypt10.jpg,MOHAMED SALAH,Egypt,Forward,10,https://s3-us-west-2.amazonaws.com/fifa-wc-2018-players/Egypt10.jpg
IR_Iran13.jpg,Mohammad Reza KHANZADEH,IR Iran,Defender,13,https://s3-us-west-2.amazonaws.com/fifa-wc-2018-players/IR_Iran13.jpg
Saudi_Arabia6.jpg,MOHAMMED ALBURAYK,Saudi Arabia,Defender,6,https://s3-us-west-2.amazonaws.com/fifa-wc-2018-players/Saudi_Arabia6.jpg
Saudi_Arabia22.jpg,MOHAMMED ALOWAIS,Saudi Arabia,Goalkeeper,22,https://s3-us-west-2.amazonaws.com/fifa-wc-2018-players/Saudi_Arabia22.jpg
Saudi_Arabia10.jpg,MOHAMMED ALSAHLAWI,Saudi Arabia,Forward,10,https://s3-us-west-2.amazonaws.com/fifa-wc-2018-players/Saudi_Arabia10.jpg
Morocco12.jpg,Monir EL KAJOUI,Morocco,Goalkeeper,12,https://s3-us-west-2.amazonaws.com/fifa-wc-2018-players/Morocco12.jpg
Korea_Republic18.jpg,MOON Seonmin,Korea Republic,Midfielder,18,https://s3-us-west-2.amazonaws.com/fifa-wc-2018-players/Korea_Republic18.jpg
IR_Iran8.jpg,Morteza POURALIGANJI,IR Iran,Defender,8,https://s3-us-west-2.amazonaws.com/fifa-wc-2018-players/IR_Iran8.jpg
Saudi_Arabia23.jpg,MOTAZ HAWSAWI,Saudi Arabia,Defender,23,https://s3-us-west-2.amazonaws.com/fifa-wc-2018-players/Saudi_Arabia23.jpg
Tunisia22.jpg,Mouez HASSEN,Tunisia,Goalkeeper,22,https://s3-us-west-2.amazonaws.com/fifa-wc-2018-players/Tunisia22.jpg
Belgium19.jpg,Moussa DEMBELE,Belgium,Midfielder,19,https://s3-us-west-2.amazonaws.com/fifa-wc-2018-players/Belgium19.jpg
Senegal14.jpg,Moussa KONATE,Senegal,Forward,14,https://s3-us-west-2.amazonaws.com/fifa-wc-2018-players/Senegal14.jpg
Senegal7.jpg,Moussa SOW,Senegal,Forward,7,https://s3-us-west-2.amazonaws.com/fifa-wc-2018-players/Senegal7.jpg
Senegal22.jpg,Moussa WAGUE,Senegal,Defender,22,https://s3-us-west-2.amazonaws.com/fifa-wc-2018-players/Senegal22.jpg
Saudi_Arabia20.jpg,MUHANNAD ASIRI,Saudi Arabia,Forward,20,https://s3-us-west-2.amazonaws.com/fifa-wc-2018-players/Saudi_Arabia20.jpg
Morocco17.jpg,Nabil DIRAR,Morocco,Defender,17,https://s3-us-west-2.amazonaws.com/fifa-wc-2018-players/Morocco17.jpg
France18.jpg,Nabil FEKIR,France,Forward,18,https://s3-us-west-2.amazonaws.com/fifa-wc-2018-players/France18.jpg
Belgium22.jpg,Nacer CHADLI,Belgium,Midfielder,22,https://s3-us-west-2.amazonaws.com/fifa-wc-2018-players/Belgium22.jpg
Spain4.jpg,NACHO,Spain,Defender,4,https://s3-us-west-2.amazonaws.com/fifa-wc-2018-players/Spain4.jpg
Spain16.jpg,Nacho MONREAL,Spain,Defender,16,https://s3-us-west-2.amazonaws.com/fifa-wc-2018-players/Spain16.jpg
Uruguay8.jpg,Nahitan NANDEZ,Uruguay,Midfielder,8,https://s3-us-west-2.amazonaws.com/fifa-wc-2018-players/Uruguay8.jpg
Argentina1.jpg,Nahuel GUZMAN,Argentina,Goalkeeper,1,https://s3-us-west-2.amazonaws.com/fifa-wc-2018-players/Argentina1.jpg
Tunisia23.jpg,Naim SLITI,Tunisia,Forward,23,https://s3-us-west-2.amazonaws.com/fifa-wc-2018-players/Tunisia23.jpg
Japan2.jpg,Naomichi UEDA,Japan,Defender,2,https://s3-us-west-2.amazonaws.com/fifa-wc-2018-players/Japan2.jpg
Serbia21.jpg,Nemanja MATIC,Serbia,Midfielder,21,https://s3-us-west-2.amazonaws.com/fifa-wc-2018-players/Serbia21.jpg
Serbia18.jpg,Nemanja RADONJIC,Serbia,Forward,18,https://s3-us-west-2.amazonaws.com/fifa-wc-2018-players/Serbia18.jpg
Brazil10.jpg,NEYMAR,Brazil,Forward,10,https://s3-us-west-2.amazonaws.com/fifa-wc-2018-players/Brazil10.jpg
France13.jpg,Ngolo KANTE,France,Midfielder,13,https://s3-us-west-2.amazonaws.com/fifa-wc-2018-players/France13.jpg
England23.jpg,Nick POPE,England,Goalkeeper,23,https://s3-us-west-2.amazonaws.com/fifa-wc-2018-players/England23.jpg
Switzerland4.jpg,Nico ELVEDI,Switzerland,Defender,4,https://s3-us-west-2.amazonaws.com/fifa-wc-2018-players/Switzerland4.jpg
Denmark9.jpg,Nicolai JORGENSEN,Denmark,Forward,9,https://s3-us-west-2.amazonaws.com/fifa-wc-2018-players/Denmark9.jpg
Argentina17.jpg,Nicolas OTAMENDI,Argentina,Defender,17,https://s3-us-west-2.amazonaws.com/fifa-wc-2018-players/Argentina17.jpg
Argentina3.jpg,Nicolas TAGLIAFICO,Argentina,Defender,3,https://s3-us-west-2.amazonaws.com/fifa-wc-2018-players/Argentina3.jpg
Germany15.jpg,Niklas SUELE,Germany,Defender,15,https://s3-us-west-2.amazonaws.com/fifa-wc-2018-players/Germany15.jpg
Croatia16.jpg,Nikola KALINIC,Croatia,Forward,16,https://s3-us-west-2.amazonaws.com/fifa-wc-2018-players/Croatia16.jpg
Serbia15.jpg,Nikola MILENKOVIC,Serbia,Defender,15,https://s3-us-west-2.amazonaws.com/fifa-wc-2018-players/Serbia15.jpg
Peru22.jpg,Nilson LOYOLA,Peru,Defender,22,https://s3-us-west-2.amazonaws.com/fifa-wc-2018-players/Peru22.jpg
Morocco16.jpg,Noureddine AMRABAT,Morocco,Midfielder,16,https://s3-us-west-2.amazonaws.com/fifa-wc-2018-players/Morocco16.jpg
Nigeria9.jpg,Odion IGHALO,Nigeria,Forward,9,https://s3-us-west-2.amazonaws.com/fifa-wc-2018-players/Nigeria9.jpg
Nigeria17.jpg,Ogenyi ONAZI,Nigeria,Midfielder,17,https://s3-us-west-2.amazonaws.com/fifa-wc-2018-players/Nigeria17.jpg
Nigeria8.jpg,Oghenekaro ETEBO,Nigeria,Midfielder,8,https://s3-us-west-2.amazonaws.com/fifa-wc-2018-players/Nigeria8.jpg
Korea_Republic4.jpg,OH Bansuk,Korea Republic,Defender,4,https://s3-us-west-2.amazonaws.com/fifa-wc-2018-players/Korea_Republic4.jpg
Sweden20.jpg,Ola TOIVONEN,Sweden,Forward,20,https://s3-us-west-2.amazonaws.com/fifa-wc-2018-players/Sweden20.jpg
Iceland16.jpg,Olafur SKULASON,Iceland,Midfielder,16,https://s3-us-west-2.amazonaws.com/fifa-wc-2018-players/Iceland16.jpg
France9.jpg,Olivier GIROUD,France,Forward,9,https://s3-us-west-2.amazonaws.com/fifa-wc-2018-players/France9.jpg
Egypt4.jpg,OMAR GABER,Egypt,Midfielder,4,https://s3-us-west-2.amazonaws.com/fifa-wc-2018-players/Egypt4.jpg
Saudi_Arabia5.jpg,OMAR HAWSAWI,Saudi Arabia,Defender,5,https://s3-us-west-2.amazonaws.com/fifa-wc-2018-players/Saudi_Arabia5.jpg
IR_Iran9.jpg,Omid EBRAHIMI,IR Iran,Midfielder,9,https://s3-us-west-2.amazonaws.com/fifa-wc-2018-players/IR_Iran9.jpg
Mexico19.jpg,Oribe PERALTA,Mexico,Forward,19,https://s3-us-west-2.amazonaws.com/fifa-wc-2018-players/Mexico19.jpg
Saudi_Arabia3.jpg,OSAMA HAWSAWI,Saudi Arabia,Defender,3,https://s3-us-west-2.amazonaws.com/fifa-wc-2018-players/Saudi_Arabia3.jpg
Costa_Rica6.jpg,Oscar DUARTE,Costa Rica,Defender,6,https://s3-us-west-2.amazonaws.com/fifa-wc-2018-players/Costa_Rica6.jpg
Sweden15.jpg,Oscar HILJEMARK,Sweden,Midfielder,15,https://s3-us-west-2.amazonaws.com/fifa-wc-2018-players/Sweden15.jpg
Colombia3.jpg,Oscar MURILLO,Colombia,Defender,3,https://s3-us-west-2.amazonaws.com/fifa-wc-2018-players/Colombia3.jpg
France11.jpg,Ousmane DEMBELE,France,Forward,11,https://s3-us-west-2.amazonaws.com/fifa-wc-2018-players/France11.jpg
Tunisia5.jpg,Oussama HADDADI,Tunisia,Defender,5,https://s3-us-west-2.amazonaws.com/fifa-wc-2018-players/Tunisia5.jpg
Peru9.jpg,Paolo GUERRERO,Peru,Forward,9,https://s3-us-west-2.amazonaws.com/fifa-wc-2018-players/Peru9.jpg
Peru7.jpg,Paolo HURTADO,Peru,Midfielder,7,https://s3-us-west-2.amazonaws.com/fifa-wc-2018-players/Peru7.jpg
Senegal17.jpg,Pape Alioune NDIAYE,Senegal,Midfielder,17,https://s3-us-west-2.amazonaws.com/fifa-wc-2018-players/Senegal17.jpg
Korea_Republic6.jpg,PARK Jooho,Korea Republic,Defender,6,https://s3-us-west-2.amazonaws.com/fifa-wc-2018-players/Korea_Republic6.jpg
Costa_Rica18.jpg,Patrick PEMBERTON,Costa Rica,Goalkeeper,18,https://s3-us-west-2.amazonaws.com/fifa-wc-2018-players/Costa_Rica18.jpg
France6.jpg,Paul POGBA,France,Midfielder,6,https://s3-us-west-2.amazonaws.com/fifa-wc-2018-players/France6.jpg
Brazil15.jpg,PAULINHO,Brazil,Midfielder,15,https://s3-us-west-2.amazonaws.com/fifa-wc-2018-players/Brazil15.jpg
Argentina21.jpg,Paulo DYBALA,Argentina,Forward,21,https://s3-us-west-2.amazonaws.com/fifa-wc-2018-players/Argentina21.jpg
Peru23.jpg,Pedro AQUINO,Peru,Midfielder,23,https://s3-us-west-2.amazonaws.com/fifa-wc-2018-players/Peru23.jpg
Peru1.jpg,Pedro GALLESE,Peru,Goalkeeper,1,https://s3-us-west-2.amazonaws.com/fifa-wc-2018-players/Peru1.jpg
Brazil4.jpg,PEDRO GEROMEL,Brazil,Defender,4,https://s3-us-west-2.amazonaws.com/fifa-wc-2018-players/Brazil4.jpg
IR_Iran15.jpg,Pejman MONTAZERI,IR Iran,Defender,15,https://s3-us-west-2.amazonaws.com/fifa-wc-2018-players/IR_Iran15.jpg
Portugal3.jpg,PEPE,Portugal,Defender,3,https://s3-us-west-2.amazonaws.com/fifa-wc-2018-players/Portugal3.jpg
Spain23.jpg,Pepe REINA,Spain,Goalkeeper,23,https://s3-us-west-2.amazonaws.com/fifa-wc-2018-players/Spain23.jpg
England16.jpg,Phil JONES,England,Defender,16,https://s3-us-west-2.amazonaws.com/fifa-wc-2018-players/England16.jpg
Brazil11.jpg,PHILIPPE COUTINHO,Brazil,Midfielder,11,https://s3-us-west-2.amazonaws.com/fifa-wc-2018-players/Brazil11.jpg
Denmark23.jpg,Pione SISTO,Denmark,Forward,23,https://s3-us-west-2.amazonaws.com/fifa-wc-2018-players/Denmark23.jpg
Poland19.jpg,Piotr ZIELINSKI,Poland,Midfielder,19,https://s3-us-west-2.amazonaws.com/fifa-wc-2018-players/Poland19.jpg
Sweden18.jpg,Pontus JANSSON,Sweden,Defender,18,https://s3-us-west-2.amazonaws.com/fifa-wc-2018-players/Sweden18.jpg
Serbia12.jpg,Predrag RAJKOVIC,Serbia,Goalkeeper,12,https://s3-us-west-2.amazonaws.com/fifa-wc-2018-players/Serbia12.jpg
France3.jpg,Presnel KIMPEMBE,France,Defender,3,https://s3-us-west-2.amazonaws.com/fifa-wc-2018-players/France3.jpg
Colombia9.jpg,Radamel FALCAO,Colombia,Forward,9,https://s3-us-west-2.amazonaws.com/fifa-wc-2018-players/Colombia9.jpg
Mexico4.jpg,Rafael MARQUEZ,Mexico,Defender,4,https://s3-us-west-2.amazonaws.com/fifa-wc-2018-players/Mexico4.jpg
Poland21.jpg,Rafal KURZAWA,Poland,Midfielder,21,https://s3-us-west-2.amazonaws.com/fifa-wc-2018-players/Poland21.jpg
Iceland6.jpg,Ragnar SIGURDSSON,Iceland,Defender,6,https://s3-us-west-2.amazonaws.com/fifa-wc-2018-players/Iceland6.jpg
England10.jpg,Raheem STERLING,England,Forward,10,https://s3-us-west-2.amazonaws.com/fifa-wc-2018-players/England10.jpg
Egypt14.jpg,RAMADAN SOBHY,Egypt,Forward,14,https://s3-us-west-2.amazonaws.com/fifa-wc-2018-players/Egypt14.jpg
Tunisia6.jpg,Rami BEDOUI,Tunisia,Defender,6,https://s3-us-west-2.amazonaws.com/fifa-wc-2018-players/Tunisia6.jpg
IR_Iran23.jpg,Ramin REZAEIAN,IR Iran,Defender,23,https://s3-us-west-2.amazonaws.com/fifa-wc-2018-players/IR_Iran23.jpg
Costa_Rica14.jpg,Randall AZOFEIFA,Costa Rica,Midfielder,14,https://s3-us-west-2.amazonaws.com/fifa-wc-2018-players/Costa_Rica14.jpg
Portugal5.jpg,RAPHAEL GUERREIRO,Portugal,Defender,5,https://s3-us-west-2.amazonaws.com/fifa-wc-2018-players/Portugal5.jpg
France4.jpg,Raphael VARANE,France,Defender,4,https://s3-us-west-2.amazonaws.com/fifa-wc-2018-players/France4.jpg
IR_Iran12.jpg,Rashid MAZAHERI,IR Iran,Goalkeeper,12,https://s3-us-west-2.amazonaws.com/fifa-wc-2018-players/IR_Iran12.jpg
Mexico9.jpg,Raul JIMENEZ,Mexico,Forward,9,https://s3-us-west-2.amazonaws.com/fifa-wc-2018-players/Mexico9.jpg
Peru11.jpg,Raul RUIDIAZ,Peru,Forward,11,https://s3-us-west-2.amazonaws.com/fifa-wc-2018-players/Peru11.jpg
Switzerland8.jpg,Remo FREULER,Switzerland,Midfielder,8,https://s3-us-west-2.amazonaws.com/fifa-wc-2018-players/Switzerland8.jpg
Brazil8.jpg,RENATO AUGUSTO,Brazil,Midfielder,8,https://s3-us-west-2.amazonaws.com/fifa-wc-2018-players/Brazil8.jpg
Peru13.jpg,Renato TAPIA,Peru,Midfielder,13,https://s3-us-west-2.amazonaws.com/fifa-wc-2018-players/Peru13.jpg
IR_Iran16.jpg,Reza GHOOCHANNEJHAD,IR Iran,Forward,16,https://s3-us-west-2.amazonaws.com/fifa-wc-2018-players/IR_Iran16.jpg
Portugal15.jpg,RICARDO,Portugal,Defender,15,https://s3-us-west-2.amazonaws.com/fifa-wc-2018-players/Portugal15.jpg
Panama19.jpg,Ricardo AVILA,Panama,Midfielder,19,https://s3-us-west-2.amazonaws.com/fifa-wc-2018-players/Panama19.jpg
Portugal20.jpg,RICARDO QUARESMA,Portugal,Forward,20,https://s3-us-west-2.amazonaws.com/fifa-wc-2018-players/Portugal20.jpg
Switzerland13.jpg,Ricardo RODRIGUEZ,Switzerland,Defender,13,https://s3-us-west-2.amazonaws.com/fifa-wc-2018-players/Switzerland13.jpg
Australia10.jpg,Robbie KRUSE,Australia,Forward,10,https://s3-us-west-2.amazonaws.com/fifa-wc-2018-players/Australia10.jpg
Poland9.jpg,Robert LEWANDOWSKI,Poland,Forward,9,https://s3-us-west-2.amazonaws.com/fifa-wc-2018-players/Poland9.jpg
Brazil20.jpg,ROBERTO FIRMINO,Brazil,Forward,20,https://s3-us-west-2.amazonaws.com/fifa-wc-2018-players/Brazil20.jpg
Sweden1.jpg,Robin OLSEN,Sweden,Goalkeeper,1,https://s3-us-west-2.amazonaws.com/fifa-wc-2018-players/Sweden1.jpg
Costa_Rica13.jpg,Rodney WALLACE,Costa Rica,Midfielder,13,https://s3-us-west-2.amazonaws.com/fifa-wc-2018-players/Costa_Rica13.jpg
Spain9.jpg,RODRIGO,Spain,Forward,9,https://s3-us-west-2.amazonaws.com/fifa-wc-2018-players/Spain9.jpg
Uruguay6.jpg,Rodrigo BENTANCUR,Uruguay,Midfielder,6,https://s3-us-west-2.amazonaws.com/fifa-wc-2018-players/Uruguay6.jpg
Switzerland21.jpg,Roman BUERKI,Switzerland,Goalkeeper,21,https://s3-us-west-2.amazonaws.com/fifa-wc-2018-players/Switzerland21.jpg
Panama5.jpg,Roman TORRES,Panama,Defender,5,https://s3-us-west-2.amazonaws.com/fifa-wc-2018-players/Panama5.jpg
Russia11.jpg,Roman ZOBNIN,Russia,Midfielder,11,https://s3-us-west-2.amazonaws.com/fifa-wc-2018-players/Russia11.jpg
Belgium9.jpg,Romelu LUKAKU,Belgium,Forward,9,https://s3-us-west-2.amazonaws.com/fifa-wc-2018-players/Belgium9.jpg
IR_Iran4.jpg,Roozbeh CHESHMI,IR Iran,Defender,4,https://s3-us-west-2.amazonaws.com/fifa-wc-2018-players/IR_Iran4.jpg
Portugal13.jpg,RUBEN DIAS,Portugal,Defender,13,https://s3-us-west-2.amazonaws.com/fifa-wc-2018-players/Portugal13.jpg
England21.jpg,Ruben LOFTUS-CHEEK,England,Midfielder,21,https://s3-us-west-2.amazonaws.com/fifa-wc-2018-players/England21.jpg
Portugal1.jpg,RUI PATRICIO,Portugal,Goalkeeper,1,https://s3-us-west-2.amazonaws.com/fifa-wc-2018-players/Portugal1.jpg
Iceland13.jpg,Runar RUNARSSON,Iceland,Goalkeeper,13,https://s3-us-west-2.amazonaws.com/fifa-wc-2018-players/Iceland13.jpg
Iceland19.jpg,Rurik GISLASON,Iceland,Midfielder,19,https://s3-us-west-2.amazonaws.com/fifa-wc-2018-players/Iceland19.jpg
Japan18.jpg,Ryota OHSHIMA,Japan,Midfielder,18,https://s3-us-west-2.amazonaws.com/fifa-wc-2018-players/Japan18.jpg
Tunisia19.jpg,Saber KHALIFA,Tunisia,Forward,19,https://s3-us-west-2.amazonaws.com/fifa-wc-2018-players/Tunisia19.jpg
Senegal10.jpg,Sadio MANE,Senegal,Forward,10,https://s3-us-west-2.amazonaws.com/fifa-wc-2018-players/Senegal10.jpg
IR_Iran6.jpg,Saeid EZATOLAHI,IR Iran,Midfielder,6,https://s3-us-west-2.amazonaws.com/fifa-wc-2018-players/IR_Iran6.jpg
Tunisia7.jpg,Saifeddine KHAOUI,Tunisia,Forward,7,https://s3-us-west-2.amazonaws.com/fifa-wc-2018-players/Tunisia7.jpg
Saudi_Arabia18.jpg,SALEM ALDAWSARI,Saudi Arabia,Midfielder,18,https://s3-us-west-2.amazonaws.com/fifa-wc-2018-players/Saudi_Arabia18.jpg
Senegal6.jpg,Salif SANE,Senegal,Midfielder,6,https://s3-us-west-2.amazonaws.com/fifa-wc-2018-players/Senegal6.jpg
Saudi_Arabia7.jpg,SALMAN ALFARAJ,Saudi Arabia,Midfielder,7,https://s3-us-west-2.amazonaws.com/fifa-wc-2018-players/Saudi_Arabia7.jpg
Egypt5.jpg,SAM MORSY,Egypt,Midfielder,5,https://s3-us-west-2.amazonaws.com/fifa-wc-2018-players/Egypt5.jpg
IR_Iran14.jpg,Saman GHODDOS,IR Iran,Forward,14,https://s3-us-west-2.amazonaws.com/fifa-wc-2018-players/IR_Iran14.jpg
Germany6.jpg,Sami KHEDIRA,Germany,Midfielder,6,https://s3-us-west-2.amazonaws.com/fifa-wc-2018-players/Germany6.jpg
Egypt20.jpg,SAMIR SAAD,Egypt,Defender,20,https://s3-us-west-2.amazonaws.com/fifa-wc-2018-players/Egypt20.jpg
Iceland3.jpg,Samuel FRIDJONSSON,Iceland,Midfielder,3,https://s3-us-west-2.amazonaws.com/fifa-wc-2018-players/Iceland3.jpg
France5.jpg,Samuel UMTITI,France,Defender,5,https://s3-us-west-2.amazonaws.com/fifa-wc-2018-players/France5.jpg
Colombia4.jpg,Santiago ARIAS,Colombia,Defender,4,https://s3-us-west-2.amazonaws.com/fifa-wc-2018-players/Colombia4.jpg
IR_Iran20.jpg,Sardar AZMOUN,IR Iran,Forward,20,https://s3-us-west-2.amazonaws.com/fifa-wc-2018-players/IR_Iran20.jpg
Spain7.jpg,SAUL,Spain,Midfielder,7,https://s3-us-west-2.amazonaws.com/fifa-wc-2018-players/Spain7.jpg
Uruguay19.jpg,Sebastian COATES,Uruguay,Defender,19,https://s3-us-west-2.amazonaws.com/fifa-wc-2018-players/Uruguay19.jpg
Sweden7.jpg,Sebastian LARSSON,Sweden,Midfielder,7,https://s3-us-west-2.amazonaws.com/fifa-wc-2018-players/Sweden7.jpg
Germany19.jpg,Sebastian RUDY,Germany,Midfielder,19,https://s3-us-west-2.amazonaws.com/fifa-wc-2018-players/Germany19.jpg
Serbia20.jpg,Sergej MILINKOVIC-SAVIC,Serbia,Midfielder,20,https://s3-us-west-2.amazonaws.com/fifa-wc-2018-players/Serbia20.jpg
Russia4.jpg,Sergey IGNASHEVICH,Russia,Defender,4,https://s3-us-west-2.amazonaws.com/fifa-wc-2018-players/Russia4.jpg
Argentina19.jpg,Sergio AGUERO,Argentina,Forward,19,https://s3-us-west-2.amazonaws.com/fifa-wc-2018-players/Argentina19.jpg
Spain5.jpg,Sergio BUSQUETS,Spain,Midfielder,5,https://s3-us-west-2.amazonaws.com/fifa-wc-2018-players/Spain5.jpg
Spain15.jpg,Sergio RAMOS,Spain,Defender,15,https://s3-us-west-2.amazonaws.com/fifa-wc-2018-players/Spain15.jpg
Egypt16.jpg,SHERIF EKRAMY,Egypt,Goalkeeper,16,https://s3-us-west-2.amazonaws.com/fifa-wc-2018-players/Egypt16.jpg
Egypt18.jpg,SHIKABALA,Egypt,Forward,18,https://s3-us-west-2.amazonaws.com/fifa-wc-2018-players/Egypt18.jpg
Japan10.jpg,Shinji KAGAWA,Japan,Midfielder,10,https://s3-us-west-2.amazonaws.com/fifa-wc-2018-players/Japan10.jpg
Japan9.jpg,Shinji OKAZAKI,Japan,Forward,9,https://s3-us-west-2.amazonaws.com/fifa-wc-2018-players/Japan9.jpg
Croatia2.jpg,Sime VRSALJKO,Croatia,Defender,2,https://s3-us-west-2.amazonaws.com/fifa-wc-2018-players/Croatia2.jpg
Nigeria13.jpg,Simeon NWANKWO,Nigeria,Forward,13,https://s3-us-west-2.amazonaws.com/fifa-wc-2018-players/Nigeria13.jpg
Denmark4.jpg,Simon KJAER,Denmark,Defender,4,https://s3-us-west-2.amazonaws.com/fifa-wc-2018-players/Denmark4.jpg
Belgium12.jpg,Simon MIGNOLET,Belgium,Goalkeeper,12,https://s3-us-west-2.amazonaws.com/fifa-wc-2018-players/Belgium12.jpg
Poland17.jpg,Slawomir PESZKO,Poland,Midfielder,17,https://s3-us-west-2.amazonaws.com/fifa-wc-2018-players/Poland17.jpg
Morocco21.jpg,Sofyan AMRABAT,Morocco,Midfielder,21,https://s3-us-west-2.amazonaws.com/fifa-wc-2018-players/Morocco21.jpg
Korea_Republic7.jpg,SON Heungmin,Korea Republic,Forward,7,https://s3-us-west-2.amazonaws.com/fifa-wc-2018-players/Korea_Republic7.jpg
Switzerland2.jpg,Stephan LICHTSTEINER,Switzerland,Defender,2,https://s3-us-west-2.amazonaws.com/fifa-wc-2018-players/Switzerland2.jpg
France16.jpg,Steve MANDANDA,France,Goalkeeper,16,https://s3-us-west-2.amazonaws.com/fifa-wc-2018-players/France16.jpg
France15.jpg,Steven NZONZI,France,Midfielder,15,https://s3-us-west-2.amazonaws.com/fifa-wc-2018-players/France15.jpg
Switzerland14.jpg,Steven ZUBER,Switzerland,Midfielder,14,https://s3-us-west-2.amazonaws.com/fifa-wc-2018-players/Switzerland14.jpg
Iceland5.jpg,Sverrir INGASON,Iceland,Defender,5,https://s3-us-west-2.amazonaws.com/fifa-wc-2018-players/Iceland5.jpg
Tunisia2.jpg,Syam BEN YOUSSEF,Tunisia,Defender,2,https://s3-us-west-2.amazonaws.com/fifa-wc-2018-players/Tunisia2.jpg
Saudi_Arabia17.jpg,TAISEER ALJASSAM,Saudi Arabia,Midfielder,17,https://s3-us-west-2.amazonaws.com/fifa-wc-2018-players/Saudi_Arabia17.jpg
Brazil21.jpg,TAISON,Brazil,Forward,21,https://s3-us-west-2.amazonaws.com/fifa-wc-2018-players/Brazil21.jpg
Japan14.jpg,Takashi INUI,Japan,Midfielder,14,https://s3-us-west-2.amazonaws.com/fifa-wc-2018-players/Japan14.jpg
Japan11.jpg,Takashi USAMI,Japan,Midfielder,11,https://s3-us-west-2.amazonaws.com/fifa-wc-2018-players/Japan11.jpg
Egypt8.jpg,TAREK HAMED,Egypt,Midfielder,8,https://s3-us-west-2.amazonaws.com/fifa-wc-2018-players/Egypt8.jpg
Spain10.jpg,THIAGO,Spain,Midfielder,10,https://s3-us-west-2.amazonaws.com/fifa-wc-2018-players/Spain10.jpg
Poland4.jpg,Thiago CIONEK,Poland,Defender,4,https://s3-us-west-2.amazonaws.com/fifa-wc-2018-players/Poland4.jpg
Brazil2.jpg,THIAGO SILVA,Brazil,Defender,2,https://s3-us-west-2.amazonaws.com/fifa-wc-2018-players/Brazil2.jpg
Belgium1.jpg,Thibaut COURTOIS,Belgium,Goalkeeper,1,https://s3-us-west-2.amazonaws.com/fifa-wc-2018-players/Belgium1.jpg
Denmark8.jpg,Thomas DELANEY,Denmark,Midfielder,8,https://s3-us-west-2.amazonaws.com/fifa-wc-2018-players/Denmark8.jpg
France8.jpg,Thomas LEMAR,France,Forward,8,https://s3-us-west-2.amazonaws.com/fifa-wc-2018-players/France8.jpg
Belgium15.jpg,Thomas MEUNIER,Belgium,Defender,15,https://s3-us-west-2.amazonaws.com/fifa-wc-2018-players/Belgium15.jpg
Germany13.jpg,Thomas MUELLER,Germany,Midfielder,13,https://s3-us-west-2.amazonaws.com/fifa-wc-2018-players/Germany13.jpg
Belgium3.jpg,Thomas VERMAELEN,Belgium,Defender,3,https://s3-us-west-2.amazonaws.com/fifa-wc-2018-players/Belgium3.jpg
Belgium16.jpg,Thorgan HAZARD,Belgium,Midfielder,16,https://s3-us-west-2.amazonaws.com/fifa-wc-2018-players/Belgium16.jpg
Australia4.jpg,Tim CAHILL,Australia,Forward,4,https://s3-us-west-2.amazonaws.com/fifa-wc-2018-players/Australia4.jpg
Germany9.jpg,Timo WERNER,Germany,Forward,9,https://s3-us-west-2.amazonaws.com/fifa-wc-2018-players/Germany9.jpg
Croatia13.jpg,Tin JEDVAJ,Croatia,Defender,13,https://s3-us-west-2.amazonaws.com/fifa-wc-2018-players/Croatia13.jpg
Belgium2.jpg,Toby ALDERWEIRELD,Belgium,Defender,2,https://s3-us-west-2.amazonaws.com/fifa-wc-2018-players/Belgium2.jpg
Australia23.jpg,Tom ROGIC,Australia,Midfielder,23,https://s3-us-west-2.amazonaws.com/fifa-wc-2018-players/Australia23.jpg
Australia9.jpg,Tomi JURIC,Australia,Forward,9,https://s3-us-west-2.amazonaws.com/fifa-wc-2018-players/Australia9.jpg
Japan20.jpg,Tomoaki MAKINO,Japan,Defender,20,https://s3-us-west-2.amazonaws.com/fifa-wc-2018-players/Japan20.jpg
Germany8.jpg,Toni KROOS,Germany,Midfielder,8,https://s3-us-west-2.amazonaws.com/fifa-wc-2018-players/Germany8.jpg
England22.jpg,Trent ALEXANDER-ARNOLD,England,Defender,22,https://s3-us-west-2.amazonaws.com/fifa-wc-2018-players/England22.jpg
Australia20.jpg,Trent SAINSBURY,Australia,Defender,20,https://s3-us-west-2.amazonaws.com/fifa-wc-2018-players/Australia20.jpg
Egypt21.jpg,TREZIGUET,Egypt,Midfielder,21,https://s3-us-west-2.amazonaws.com/fifa-wc-2018-players/Egypt21.jpg
Nigeria21.jpg,Tyronne EBUEHI,Nigeria,Defender,21,https://s3-us-west-2.amazonaws.com/fifa-wc-2018-players/Nigeria21.jpg
Serbia5.jpg,Uros SPAJIC,Serbia,Defender,5,https://s3-us-west-2.amazonaws.com/fifa-wc-2018-players/Serbia5.jpg
IR_Iran11.jpg,Vahid AMIRI,IR Iran,Midfielder,11,https://s3-us-west-2.amazonaws.com/fifa-wc-2018-players/IR_Iran11.jpg
Panama14.jpg,Valentin PIMENTEL,Panama,Midfielder,14,https://s3-us-west-2.amazonaws.com/fifa-wc-2018-players/Panama14.jpg
Switzerland11.jpg,Valon BEHRAMI,Switzerland,Midfielder,11,https://s3-us-west-2.amazonaws.com/fifa-wc-2018-players/Switzerland11.jpg
Croatia5.jpg,Vedran CORLUKA,Croatia,Defender,5,https://s3-us-west-2.amazonaws.com/fifa-wc-2018-players/Croatia5.jpg
Sweden3.jpg,Victor LINDELOF,Sweden,Defender,3,https://s3-us-west-2.amazonaws.com/fifa-wc-2018-players/Sweden3.jpg
Nigeria11.jpg,Victor MOSES,Nigeria,Forward,11,https://s3-us-west-2.amazonaws.com/fifa-wc-2018-players/Nigeria11.jpg
Sweden17.jpg,Viktor CLAESSON,Sweden,Midfielder,17,https://s3-us-west-2.amazonaws.com/fifa-wc-2018-players/Sweden17.jpg
Denmark15.jpg,Viktor FISCHER,Denmark,Forward,15,https://s3-us-west-2.amazonaws.com/fifa-wc-2018-players/Denmark15.jpg
Belgium4.jpg,Vincent KOMPANY,Belgium,Defender,4,https://s3-us-west-2.amazonaws.com/fifa-wc-2018-players/Belgium4.jpg
Russia20.jpg,Vladimir GABULOV,Russia,Goalkeeper,20,https://s3-us-west-2.amazonaws.com/fifa-wc-2018-players/Russia20.jpg
Russia14.jpg,Vladimir GRANAT,Russia,Defender,14,https://s3-us-west-2.amazonaws.com/fifa-wc-2018-players/Russia14.jpg
Serbia1.jpg,Vladimir STOJKOVIC,Serbia,Goalkeeper,1,https://s3-us-west-2.amazonaws.com/fifa-wc-2018-players/Serbia1.jpg
Tunisia10.jpg,Wahbi KHAZRI,Tunisia,Forward,10,https://s3-us-west-2.amazonaws.com/fifa-wc-2018-players/Tunisia10.jpg
Japan6.jpg,Wataru ENDO,Japan,Defender,6,https://s3-us-west-2.amazonaws.com/fifa-wc-2018-players/Japan6.jpg
Peru16.jpg,Wilder CARTAGENA,Peru,Midfielder,16,https://s3-us-west-2.amazonaws.com/fifa-wc-2018-players/Peru16.jpg
Nigeria4.jpg,Wilfred NDIDI,Nigeria,Midfielder,4,https://s3-us-west-2.amazonaws.com/fifa-wc-2018-players/Nigeria4.jpg
Argentina23.jpg,Wilfredo CABALLERO,Argentina,Goalkeeper,23,https://s3-us-west-2.amazonaws.com/fifa-wc-2018-players/Argentina23.jpg
Portugal14.jpg,WILLIAM,Portugal,Midfielder,14,https://s3-us-west-2.amazonaws.com/fifa-wc-2018-players/Portugal14.jpg
Nigeria5.jpg,William EKONG,Nigeria,Defender,5,https://s3-us-west-2.amazonaws.com/fifa-wc-2018-players/Nigeria5.jpg
Denmark7.jpg,William KVIST,Denmark,Midfielder,7,https://s3-us-west-2.amazonaws.com/fifa-wc-2018-players/Denmark7.jpg
Brazil19.jpg,WILLIAN,Brazil,Midfielder,19,https://s3-us-west-2.amazonaws.com/fifa-wc-2018-players/Brazil19.jpg
Colombia5.jpg,Wilmar BARRIOS,Colombia,Midfielder,5,https://s3-us-west-2.amazonaws.com/fifa-wc-2018-players/Colombia5.jpg
Poland1.jpg,Wojciech SZCZESNY,Poland,Goalkeeper,1,https://s3-us-west-2.amazonaws.com/fifa-wc-2018-players/Poland1.jpg
Switzerland23.jpg,Xherdan SHAQIRI,Switzerland,Midfielder,23,https://s3-us-west-2.amazonaws.com/fifa-wc-2018-players/Switzerland23.jpg
Saudi_Arabia8.jpg,YAHIA ALSHEHRI,Saudi Arabia,Midfielder,8,https://s3-us-west-2.amazonaws.com/fifa-wc-2018-players/Saudi_Arabia8.jpg
Switzerland1.jpg,Yann SOMMER,Switzerland,Goalkeeper,1,https://s3-us-west-2.amazonaws.com/fifa-wc-2018-players/Switzerland1.jpg
Belgium11.jpg,Yannick CARRASCO,Belgium,Midfielder,11,https://s3-us-west-2.amazonaws.com/fifa-wc-2018-players/Belgium11.jpg
Saudi_Arabia21.jpg,YASSER ALMOSAILEM,Saudi Arabia,Goalkeeper,21,https://s3-us-west-2.amazonaws.com/fifa-wc-2018-players/Saudi_Arabia21.jpg
Saudi_Arabia13.jpg,YASSER ALSHAHRANI,Saudi Arabia,Defender,13,https://s3-us-west-2.amazonaws.com/fifa-wc-2018-players/Saudi_Arabia13.jpg
Morocco1.jpg,Yassine BOUNOU,Morocco,Goalkeeper,1,https://s3-us-west-2.amazonaws.com/fifa-wc-2018-players/Morocco1.jpg
Tunisia4.jpg,Yassine MERIAH,Tunisia,Defender,4,https://s3-us-west-2.amazonaws.com/fifa-wc-2018-players/Tunisia4.jpg
Costa_Rica17.jpg,Yeltsin TEJEDA,Costa Rica,Midfielder,17,https://s3-us-west-2.amazonaws.com/fifa-wc-2018-players/Costa_Rica17.jpg
Colombia13.jpg,Yerry MINA,Colombia,Defender,13,https://s3-us-west-2.amazonaws.com/fifa-wc-2018-players/Colombia13.jpg
Tunisia3.jpg,Yohan BEN ALOUANE,Tunisia,Defender,3,https://s3-us-west-2.amazonaws.com/fifa-wc-2018-players/Tunisia3.jpg
Peru19.jpg,Yoshimar YOTUN,Peru,Midfielder,19,https://s3-us-west-2.amazonaws.com/fifa-wc-2018-players/Peru19.jpg
Japan13.jpg,Yoshinori MUTO,Japan,Forward,13,https://s3-us-west-2.amazonaws.com/fifa-wc-2018-players/Japan13.jpg
Morocco10.jpg,Younes BELHANDA,Morocco,Midfielder,10,https://s3-us-west-2.amazonaws.com/fifa-wc-2018-players/Morocco10.jpg
Belgium17.jpg,Youri TIELEMANS,Belgium,Midfielder,17,https://s3-us-west-2.amazonaws.com/fifa-wc-2018-players/Belgium17.jpg
Morocco15.jpg,Youssef AIT BENNASSER,Morocco,Midfielder,15,https://s3-us-west-2.amazonaws.com/fifa-wc-2018-players/Morocco15.jpg
Morocco19.jpg,Youssef EN NESYRI,Morocco,Forward,19,https://s3-us-west-2.amazonaws.com/fifa-wc-2018-players/Morocco19.jpg
Senegal12.jpg,Youssouf SABALY,Senegal,Defender,12,https://s3-us-west-2.amazonaws.com/fifa-wc-2018-players/Senegal12.jpg
Korea_Republic5.jpg,YUN Youngsun,Korea Republic,Defender,5,https://s3-us-west-2.amazonaws.com/fifa-wc-2018-players/Korea_Republic5.jpg
Russia18.jpg,Yury ZHIRKOV,Russia,Midfielder,18,https://s3-us-west-2.amazonaws.com/fifa-wc-2018-players/Russia18.jpg
Denmark20.jpg,Yussuf Yurary POULSEN,Denmark,Forward,20,https://s3-us-west-2.amazonaws.com/fifa-wc-2018-players/Denmark20.jpg
Japan5.jpg,Yuto NAGATOMO,Japan,Defender,5,https://s3-us-west-2.amazonaws.com/fifa-wc-2018-players/Japan5.jpg
Japan15.jpg,Yuya OSAKO,Japan,Forward,15,https://s3-us-west-2.amazonaws.com/fifa-wc-2018-players/Japan15.jpg
Switzerland12.jpg,Yvon MVOGO,Switzerland,Goalkeeper,12,https://s3-us-west-2.amazonaws.com/fifa-wc-2018-players/Switzerland12.jpg
Argentina1.jpg,Nahuel GUZMAN,Argentina,Goalkeeper,1,https://s3-us-west-2.amazonaws.com/fifa-wc-2018-players/Argentina1.jpg
Argentina12.jpg,Franco ARMANI,Argentina,Goalkeeper,12,https://s3-us-west-2.amazonaws.com/fifa-wc-2018-players/Argentina12.jpg
Argentina23.jpg,Wilfredo CABALLERO,Argentina,Goalkeeper,23,https://s3-us-west-2.amazonaws.com/fifa-wc-2018-players/Argentina23.jpg
Argentina2.jpg,Gabriel MERCADO,Argentina,Defender,2,https://s3-us-west-2.amazonaws.com/fifa-wc-2018-players/Argentina2.jpg
Argentina3.jpg,Nicolas TAGLIAFICO,Argentina,Defender,3,https://s3-us-west-2.amazonaws.com/fifa-wc-2018-players/Argentina3.jpg
Argentina4.jpg,Cristian ANSALDI,Argentina,Defender,4,https://s3-us-west-2.amazonaws.com/fifa-wc-2018-players/Argentina4.jpg
Argentina6.jpg,Federico FAZIO,Argentina,Defender,6,https://s3-us-west-2.amazonaws.com/fifa-wc-2018-players/Argentina6.jpg
Argentina8.jpg,Marcos ACUNA,Argentina,Defender,8,https://s3-us-west-2.amazonaws.com/fifa-wc-2018-players/Argentina8.jpg
Argentina14.jpg,Javier MASCHERANO,Argentina,Defender,14,https://s3-us-west-2.amazonaws.com/fifa-wc-2018-players/Argentina14.jpg
Argentina16.jpg,Marcos ROJO,Argentina,Defender,16,https://s3-us-west-2.amazonaws.com/fifa-wc-2018-players/Argentina16.jpg
Argentina17.jpg,Nicolas OTAMENDI,Argentina,Defender,17,https://s3-us-west-2.amazonaws.com/fifa-wc-2018-players/Argentina17.jpg
Argentina18.jpg,Eduardo SALVIO,Argentina,Defender,18,https://s3-us-west-2.amazonaws.com/fifa-wc-2018-players/Argentina18.jpg
Argentina5.jpg,Lucas BIGLIA,Argentina,Midfielder,5,https://s3-us-west-2.amazonaws.com/fifa-wc-2018-players/Argentina5.jpg
Argentina7.jpg,Ever BANEGA,Argentina,Midfielder,7,https://s3-us-west-2.amazonaws.com/fifa-wc-2018-players/Argentina7.jpg
Argentina11.jpg,Angel DI MARIA,Argentina,Midfielder,11,https://s3-us-west-2.amazonaws.com/fifa-wc-2018-players/Argentina11.jpg
Argentina13.jpg,Maximiliano MEZA,Argentina,Midfielder,13,https://s3-us-west-2.amazonaws.com/fifa-wc-2018-players/Argentina13.jpg
Argentina15.jpg,Enzo PEREZ,Argentina,Midfielder,15,https://s3-us-west-2.amazonaws.com/fifa-wc-2018-players/Argentina15.jpg
Argentina20.jpg,Giovani LO CELSO,Argentina,Midfielder,20,https://s3-us-west-2.amazonaws.com/fifa-wc-2018-players/Argentina20.jpg
Argentina22.jpg,Cristian PAVON,Argentina,Midfielder,22,https://s3-us-west-2.amazonaws.com/fifa-wc-2018-players/Argentina22.jpg
Argentina9.jpg,Gonzalo HIGUAIN,Argentina,Forward,9,https://s3-us-west-2.amazonaws.com/fifa-wc-2018-players/Argentina9.jpg
Argentina10.jpg,Lionel MESSI,Argentina,Forward,10,https://s3-us-west-2.amazonaws.com/fifa-wc-2018-players/Argentina10.jpg
Argentina19.jpg,Sergio AGUERO,Argentina,Forward,19,https://s3-us-west-2.amazonaws.com/fifa-wc-2018-players/Argentina19.jpg
Argentina21.jpg,Paulo DYBALA,Argentina,Forward,21,https://s3-us-west-2.amazonaws.com/fifa-wc-2018-players/Argentina21.jpg
